Customer,CustomerName,StreetName,PostalCode,CityName,TelephoneNumber1
##1,Avery Testify Evans,Testash Boulevard,20202,Northtest,+1-707-555-1818
0000000001,David Testic Wilson,Testoak Road,23232,Testpark,+1-202-555-1313
0000000002,Jack Testify Edwards,Testcrest Gardens,80808,Testgrove,+1-676-555-2626
0000000003,Michael Testly Brown,Testvale Row,88888,Testford,+1-898-555-2828
0000000004,James Testerly Clark,Testash Boulevard,77777,Testwood,+1-101-555-1212
0000000005,Elijah Testify Roberts,Testwood Avenue,44444,Testcrest,+1-121-555-2121
0000000006,Chloe Testify Turner,Testview Drive,11111,Testhaven,+1-888-555-0404
0000000011,Charlotte Testadult Walker,Testmaple Drive,56565,Testbridge,+1-222-555-0606
0000000016,Ella Testify Campbell,Testoak Road,88888,Testgrove,+1-999-555-3030
0000000017,Mia Testify Scott,Testelm Street,34343,Testford,+1-101-555-1212
0000000018,Isabella Testify Baker,Testfield Road,89898,Testland,+1-202-555-1313
0000000019,Matthew Testable Wright,Testgate Street,55555,Testborough,+1-123-555-3131
0000000021,Jack Testify Edwards,Testbridge Place,10101,Testhill,+1-999-555-3030
0000000022,Alex Testman Johnson,Testpine Avenue,12121,Testgrove,+1-808-555-1919
0000000023,Emma Testwoman Harris,Testfir Crescent,80808,Testfield,+1-101-555-1212
0000000024,Emma Testwoman Harris,Testoak Road,20202,Testgrove,+1-505-555-1616
0000000025,Olivia Testoff Davis,Testhaven Square,50505,Testmeadow,+1-202-555-1313
0000000026,Michael Testly Brown,Testpark Crescent,50505,Testside,+1-454-555-2424
0000000027,Mia Testify Scott,Testhaven Square,00000,Westteston,+1-000-555-2929
0000000028,Amelia Testify King,Testash Boulevard,50505,Testwood,+1-565-555-2525
0000000029,Sophia Testcase Miller,Testoak Road,55555,Southteston,+1-121-555-2121
0000000030,Daniel Testsenior Young,Testelm Street,55555,Southteston,+1-707-555-1818
0000000031,Henry Testify Nelson,Testmeadow Way,77777,Testbridge,+1-787-555-2727
0000000032,Charlotte Testadult Walker,Testtulip Close,56565,Testfield,+1-999-555-3030
0000000036,Joseph Testify Allen,Testpeony Trail,20202,Testport,+1-606-555-1717
0000000038,Michael Testly Brown,Testspring Walk,00000,Testland,+1-898-555-2828
0000000039,Sophia Testcase Miller,Testbirch Terrace,89898,Testhaven,+1-454-555-2424
0000000040,Charlotte Testadult Walker,Testelm Street,45454,Southteston,+1-404-555-1515
0000000041,Joseph Testify Allen,Testash Boulevard,80808,Testside,+1-888-555-0404
0000000042,Maria Testa Smith,Testwillow Lane,99999,Testbridge,+1-999-555-0202
0000000043,Ella Testify Campbell,Testash Boulevard,22222,Testwood,+1-676-555-2626
0000000044,Michael Testly Brown,Testview Drive,44444,Westteston,+1-202-555-1313
0000000045,Grace Testify Perez,Testlily Circle,23232,Testbridge,+1-333-555-0707
0000000046,Matthew Testable Wright,Testwillow Lane,88888,Testhaven,+1-000-555-2929
0000000051,Grace Testify Perez,Testcrest Gardens,12345,Testfield,+1-000-555-2929
0000000052,David Testic Wilson,Testmaple Drive,44444,Testland,+1-666-555-1010
0000000053,David Testic Wilson,Testhaven Square,80808,Testhill,+1-454-555-2424
0000000062,Avery Testify Evans,Testiris Row,78787,Testhill,+1-404-555-1515
0000000064,Emily Testson Lee,Testside Terrace,50505,Westteston,+1-444-555-0808
0000000066,Grace Testify Perez,Testmeadow Way,99999,Testfield,+1-121-555-2121
0000000067,Emily Testson Lee,Testview Drive,40404,Testpark,+1-909-555-2020
0000000069,Emma Testwoman Harris,Testorchid Walk,44444,Testford,+1-232-555-2222
0000000072,Jack Testify Edwards,Testbrook Lane,12121,Testport,+1-101-555-1212
0000000073,Alex Testman Johnson,Testbirch Terrace,70707,Testcrest,+1-202-555-1313
0000000075,Charlotte Testadult Walker,Testside Terrace,56565,Northtest,+1-999-555-0202
0000000077,Joseph Testify Allen,Testcedar Court,40404,Testview,+1-123-555-0303
0000000078,Matthew Testable Wright,Testoak Road,77777,Testford,+1-707-555-1818
0000000079,John Testfield Carter,Testhaven Square,40404,Testside,+1-565-555-2525
0000000080,Jack Testify Edwards,Testspring Walk,33333,Testpark,+1-123-555-0303
0000000081,Sophia Testcase Miller,Testdaisy Way,44444,Testgate,+1-404-555-1515
0000000082,Henry Testify Nelson,Testmaple Drive,40404,Testmeadow,+1-505-555-1616
0000000083,Maria Testa Smith,Testpeony Trail,34343,Testhill,+1-555-555-0909
0000000084,Grace Testify Perez,Testfir Crescent,22222,Testdale,+1-787-555-2727
0000000085,Charlotte Testadult Walker,Testspring Walk,34343,Northtest,+1-000-555-2929
0000000086,Sophia Testcase Miller,Testspring Walk,12121,Testridge,+1-565-555-2525
0000000087,Sophia Testcase Miller,Testfir Crescent,23232,Testview,+1-777-555-1111
0000000088,Emma Testwoman Harris,Testash Boulevard,78787,Northtest,+1-454-555-2424
0000000089,Ella Testify Campbell,Testvale Row,80808,Testpark,+1-898-555-2828
0000000090,James Testerly Clark,Testwood Avenue,55555,Testford,+1-000-555-0101
0000000091,Sophia Testcase Miller,Testrose Place,11111,Testgate,+1-121-555-2121
0000000092,Emma Testwoman Harris,Testfir Crescent,12345,Testbridge,+1-909-555-2020
0000000093,Grace Testify Perez,Testfield Road,12345,Southteston,+1-909-555-2020
0000000094,Olivia Testoff Davis,Testpeony Trail,89898,Testfield,+1-000-555-0101
0000000095,Michael Testly Brown,Testfield Road,22222,Testmeadow,+1-000-555-2929
0000000096,Jack Testify Edwards,Testpoint Trail,45454,Westteston,+1-232-555-2222
0000000097,Ella Testify Campbell,Testfir Crescent,22222,Testpark,+1-222-555-0606
0000000098,Lucas Testify Parker,Testpark Crescent,89898,Testfield,+1-333-555-0707
0000000099,Sophia Testcase Miller,Testpoint Trail,78787,Northtest,+1-676-555-2626
0000000100,Maria Testa Smith,Testbrook Lane,67676,Testdale,+1-123-555-0303
0000000102,Aiden Testify Phillips,Testwillow Lane,23232,Testgrove,+1-999-555-0202
0000000103,Mia Testify Scott,Teststone Close,99999,Testgrove,+1-999-555-0202
0000000106,Lily Testify Collins,Testpeony Trail,11111,Testland,+1-343-555-2323
0000000107,Henry Testify Nelson,Testgrove Circle,10101,Westteston,+1-707-555-1818
0000000112,Michael Testly Brown,Testpoint Trail,45454,Testgate,+1-565-555-2525
0000000115,Olivia Testoff Davis,Testtulip Close,70707,Westteston,+1-676-555-2626
0000000121,Joseph Testify Allen,Testview Drive,22222,Testdale,+1-999-555-3030
0000000122,Benjamin Testchild Lewis,Testridge Court,56565,Testside,+1-777-555-1111
0000000123,Emma Testwoman Harris,Testgate Street,80808,Testridge,+1-101-555-1212
0000000124,Isabella Testify Baker,Testash Boulevard,80808,Testcrest,+1-666-555-1010
0000000125,Lucas Testify Parker,Testdaisy Way,67676,Testport,+1-666-555-1010
0000000126,Maria Testa Smith,Testbridge Place,56565,Testford,+1-333-555-0707
0000000127,Benjamin Testchild Lewis,Testrose Place,89898,Northtest,+1-676-555-2626
0000000128,Isabella Testify Baker,Testorchid Walk,89898,Testhaven,+1-000-555-2929
0000000129,Sophia Testcase Miller,Testridge Court,78787,Southteston,+1-999-555-0202
0000000130,Elijah Testify Roberts,Testmaple Drive,56565,Testridge,+1-121-555-2121
0000000131,Lucas Testify Parker,Testgate Street,78787,Northtest,+1-505-555-1616
0000000132,Ella Testify Campbell,Testfir Crescent,12121,Testport,+1-454-555-2424
0000000133,Elijah Testify Roberts,Testbridge Place,55555,Testhill,+1-565-555-2525
0000000134,Lucas Testify Parker,Testbridge Place,66666,Testhaven,+1-676-555-2626
0000000135,Olivia Testoff Davis,Teststone Close,50505,Testwood,+1-000-555-0101
0000000136,David Testic Wilson,Testash Boulevard,66666,Testhaven,+1-676-555-2626
0000000137,Lily Testify Collins,Testiris Row,20202,Testwood,+1-454-555-2424
0000000138,Michael Testly Brown,Testhaven Square,40404,Testborough,+1-121-555-2121
0000000143,Sophia Testcase Miller,Testview Drive,80808,Testport,+1-606-555-1717
0000000144,Isabella Testify Baker,Testspring Walk,50505,Testridge,+1-606-555-1717
0000000146,Olivia Testoff Davis,Testbridge Place,00000,Testhill,+1-000-555-0101
0000000147,David Testic Wilson,Testoak Road,34343,Testpark,+1-111-555-0505
0000000148,Maria Testa Smith,Testhill Boulevard,12345,Testside,+1-606-555-1717
0000000149,Avery Testify Evans,Testwood Avenue,22222,Testside,+1-454-555-2424
0000000150,Ella Testify Campbell,Testmaple Drive,34343,Testwood,+1-999-555-3030
0000000151,Henry Testify Nelson,Testside Terrace,40404,Testhill,+1-808-555-1919
0000000153,Avery Testify Evans,Testgate Street,34343,Testport,+1-121-555-2121
0000000154,Emma Testwoman Harris,Testspring Walk,78787,Testport,+1-454-555-2424
0000000155,Avery Testify Evans,Testwillow Lane,66666,Testgrove,+1-123-555-0303
0000000157,Daniel Testsenior Young,Testmeadow Way,44444,Testport,+1-444-555-0808
0000000158,David Testic Wilson,Testbrook Lane,22222,Testfield,+1-404-555-1515
0000000160,Emma Testwoman Harris,Testoak Road,23232,Testside,+1-202-555-1313
0000000162,Henry Testify Nelson,Testdaisy Way,34343,Testpark,+1-707-555-1818
0000000164,Alex Testman Johnson,Testrose Place,78787,Testbridge,+1-000-555-0101
0000000166,Olivia Testoff Davis,Testbirch Terrace,77777,Testhill,+1-123-555-3131
0000000168,Sophia Testcase Miller,Testvale Row,60606,Testford,+1-000-555-2929
0000000173,Aiden Testify Phillips,Teststone Close,22222,Testpark,+1-232-555-2222
0000000174,Aiden Testify Phillips,Testpeony Trail,34343,Testhaven,+1-666-555-1010
0000000175,Emily Testson Lee,Teststone Close,80808,Testland,+1-565-555-2525
0000000176,Daniel Testsenior Young,Testash Boulevard,23232,Testborough,+1-565-555-2525
0000000183,Matthew Testable Wright,Testpeony Trail,90909,Testcrest,+1-505-555-1616
0000000184,Daniel Testsenior Young,Testiris Row,30303,Westteston,+1-777-555-1111
0000000185,Sophia Testcase Miller,Testpeony Trail,30303,Testport,+1-303-555-1414
0000000186,Henry Testify Nelson,Testhill Boulevard,66666,Testgrove,+1-999-555-3030
0000000187,Amelia Testify King,Testvale Row,55555,Testbridge,+1-111-555-0505
0000000188,Avery Testify Evans,Testpine Avenue,11111,Testwood,+1-909-555-2020
0000000198,Elijah Testify Roberts,Testdaisy Way,70707,Testland,+1-707-555-1818
0000000199,Charlotte Testadult Walker,Testbridge Place,33333,Testdale,+1-111-555-0505
0000000200,Samuel Testify Adams,Testwood Avenue,30303,Southteston,+1-123-555-0303
0000000201,Mia Testify Scott,Teststone Close,12121,Northtest,+1-444-555-0808
0000000206,Samuel Testify Adams,Testelm Street,80808,Testland,+1-121-555-2121
0000000207,Chloe Testify Turner,Testside Terrace,88888,Testgate,+1-555-555-0909
0000000208,Grace Testify Perez,Testelm Street,22222,Testhaven,+1-999-555-3030
0000000212,Emily Testson Lee,Testcedar Court,12345,Testridge,+1-606-555-1717
0000000213,Charlotte Testadult Walker,Testspring Walk,89898,Testport,+1-202-555-1313
0000000214,Michael Testly Brown,Testbirch Terrace,10101,Testgrove,+1-606-555-1717
0000000226,Elijah Testify Roberts,Testrose Place,11111,Testfield,+1-111-555-0505
0000000227,Sophia Testcase Miller,Testridge Court,89898,Testfield,+1-676-555-2626
0000000235,Matthew Testable Wright,Testpeony Trail,34343,Testfield,+1-123-555-0303
0000000236,Michael Testly Brown,Testash Boulevard,50505,Testgate,+1-101-555-1212
0000000241,Lucas Testify Parker,Testspring Walk,34343,Testford,+1-606-555-1717
0000000246,John Testfield Carter,Testpoint Trail,00000,Testpark,+1-999-555-0202
0000000247,Grace Testify Perez,Testcrest Gardens,55555,Testview,+1-121-555-2121
0000000251,Matthew Testable Wright,Testvale Row,10101,Testview,+1-898-555-2828
0000000256,Emma Testwoman Harris,Testspring Walk,90909,Testridge,+1-454-555-2424
0000000257,David Testic Wilson,Testcedar Court,45454,Testport,+1-777-555-1111
0000000258,James Testerly Clark,Testwillow Lane,77777,Northtest,+1-505-555-1616
0000000259,Jack Testify Edwards,Testpine Avenue,44444,Testborough,+1-101-555-1212
0000000260,Alex Testman Johnson,Testpine Avenue,00000,Westteston,+1-121-555-2121
0000000261,Amelia Testify King,Testcrest Gardens,12121,Testridge,+1-222-555-0606
0000000262,Benjamin Testchild Lewis,Testbrook Lane,90909,Testcrest,+1-123-555-0303
0000000263,Samuel Testify Adams,Testwillow Lane,56565,Testcrest,+1-999-555-0202
0000000264,Emma Testwoman Harris,Testfield Road,20202,Testford,+1-505-555-1616
0000000266,Alex Testman Johnson,Testbrook Lane,40404,Northtest,+1-676-555-2626
0000000267,Emma Testwoman Harris,Testcrest Gardens,20202,Testland,+1-101-555-1212
0000000268,David Testic Wilson,Testpark Crescent,22222,Testcrest,+1-454-555-2424
0000000269,Daniel Testsenior Young,Testoak Road,12345,Testdale,+1-787-555-2727
0000000270,David Testic Wilson,Testdaisy Way,56565,Northtest,+1-787-555-2727
0000000271,Elijah Testify Roberts,Testlily Circle,23232,Southteston,+1-444-555-0808
0000000272,Benjamin Testchild Lewis,Testhaven Square,40404,Testwood,+1-404-555-1515
0000000284,Michael Testly Brown,Testvale Row,88888,Westteston,+1-123-555-3131
0000000285,Benjamin Testchild Lewis,Testbrook Lane,66666,Testfield,+1-303-555-1414
0000000286,James Testerly Clark,Testcrest Gardens,50505,Northtest,+1-565-555-2525
0000000287,Ella Testify Campbell,Testelm Street,67676,Testhaven,+1-787-555-2727
0000000289,James Testerly Clark,Testhill Boulevard,30303,Southteston,+1-123-555-0303
0000000291,Benjamin Testchild Lewis,Testcrest Gardens,22222,Testdale,+1-898-555-2828
0000000292,Maria Testa Smith,Testbridge Place,60606,Testhill,+1-343-555-2323
0000000300,Matthew Testable Wright,Testbirch Terrace,80808,Southteston,+1-343-555-2323
0000000307,Charlotte Testadult Walker,Testcrest Gardens,00000,Northtest,+1-202-555-1313
0000000308,John Testfield Carter,Testpine Avenue,12121,Testview,+1-676-555-2626
0000000309,Jack Testify Edwards,Testridge Court,23232,Testford,+1-232-555-2222
0000000310,Sophia Testcase Miller,Testrose Place,90909,Testborough,+1-888-555-0404
0000000311,Matthew Testable Wright,Testfield Road,12121,Testwood,+1-333-555-0707
0000000313,Jack Testify Edwards,Testspring Walk,30303,Northtest,+1-454-555-2424
0000000317,Emma Testwoman Harris,Testgate Street,89898,Testgrove,+1-898-555-2828
0000000319,Isabella Testify Baker,Testrose Place,22222,Testside,+1-505-555-1616
0000000326,David Testic Wilson,Testcrest Gardens,20202,Testgate,+1-808-555-1919
0000000328,Emma Testwoman Harris,Testorchid Walk,66666,Testborough,+1-777-555-1111
0000000330,Benjamin Testchild Lewis,Testridge Court,40404,Testwood,+1-404-555-1515
0000000331,Emily Testson Lee,Testpine Avenue,10101,Testbridge,+1-232-555-2222
0000000332,Benjamin Testchild Lewis,Testside Terrace,45454,Southteston,+1-555-555-0909
0000000333,Sophia Testcase Miller,Testspring Walk,11111,Testbridge,+1-505-555-1616
0000000334,Matthew Testable Wright,Testridge Court,23232,Testfield,+1-888-555-0404
0000000335,Lucas Testify Parker,Testbrook Lane,90909,Southteston,+1-121-555-2121
0000000336,Avery Testify Evans,Testbirch Terrace,12121,Testport,+1-444-555-0808
0000000337,Alex Testman Johnson,Testtulip Close,22222,Testport,+1-555-555-0909
0000000338,Mia Testify Scott,Testash Boulevard,30303,Testgrove,+1-505-555-1616
0000000339,David Testic Wilson,Testwillow Lane,40404,Testland,+1-123-555-0303
0000000341,John Testfield Carter,Testmaple Drive,66666,Testgrove,+1-555-555-0909
0000000346,Maria Testa Smith,Testbirch Terrace,67676,Westteston,+1-222-555-0606
0000000352,Elijah Testify Roberts,Testgrove Circle,80808,Testview,+1-303-555-1414
0000000354,Maria Testa Smith,Testmeadow Way,78787,Testwood,+1-404-555-1515
0000000355,Grace Testify Perez,Testside Terrace,88888,Testford,+1-787-555-2727
0000000356,John Testfield Carter,Testbirch Terrace,78787,Testdale,+1-404-555-1515
0000000367,John Testfield Carter,Testbridge Place,12121,Testpark,+1-232-555-2222
0000000368,Ella Testify Campbell,Testview Drive,00000,Testgate,+1-606-555-1717
0000000369,Samuel Testify Adams,Testorchid Walk,66666,Testcrest,+1-787-555-2727
0000000370,Alex Testman Johnson,Testoak Road,56565,Testwood,+1-565-555-2525
0000000371,Jack Testify Edwards,Testhill Boulevard,40404,Testhaven,+1-123-555-0303
0000000372,Benjamin Testchild Lewis,Testmeadow Way,00000,Testland,+1-121-555-2121
0000000375,James Testerly Clark,Testdaisy Way,00000,Testport,+1-121-555-2121
0000000376,Benjamin Testchild Lewis,Testtulip Close,80808,Testmeadow,+1-101-555-1212
0000000377,Isabella Testify Baker,Testdaisy Way,50505,Testview,+1-676-555-2626
0000000378,Samuel Testify Adams,Testorchid Walk,50505,Testborough,+1-888-555-0404
0000000379,Avery Testify Evans,Testrose Place,12345,Testbridge,+1-343-555-2323
0000000380,Matthew Testable Wright,Teststone Close,30303,Northtest,+1-454-555-2424
0000000381,Mia Testify Scott,Testoak Road,11111,Testfield,+1-101-555-1212
0000000382,Chloe Testify Turner,Testfield Road,66666,Testborough,+1-123-555-3131
0000000383,John Testfield Carter,Testcrest Gardens,34343,Testridge,+1-676-555-2626
0000000384,Charlotte Testadult Walker,Testorchid Walk,56565,Testgrove,+1-111-555-0505
0000000385,Alex Testman Johnson,Testspring Walk,80808,Testford,+1-888-555-0404
0000000386,James Testerly Clark,Testhill Boulevard,60606,Testford,+1-000-555-2929
0000000387,Jack Testify Edwards,Testmaple Drive,55555,Northtest,+1-909-555-2020
0000000388,Henry Testify Nelson,Testside Terrace,20202,Testgate,+1-999-555-3030
0000000389,Avery Testify Evans,Testview Drive,33333,Testgate,+1-303-555-1414
0000000390,David Testic Wilson,Testbrook Lane,20202,Testcrest,+1-555-555-0909
0000000391,Grace Testify Perez,Testmaple Drive,11111,Southteston,+1-676-555-2626
0000000392,Benjamin Testchild Lewis,Testelm Street,34343,Testbridge,+1-606-555-1717
0000000393,Benjamin Testchild Lewis,Testpine Avenue,22222,Testdale,+1-123-555-3131
0000000394,Mia Testify Scott,Testhaven Square,66666,Testbridge,+1-123-555-0303
0000000395,Sophia Testcase Miller,Testwillow Lane,50505,Northtest,+1-101-555-1212
0000000397,Grace Testify Perez,Testpeony Trail,11111,Westteston,+1-101-555-1212
0000000399,Olivia Testoff Davis,Testlily Circle,10101,Testgate,+1-565-555-2525
0000000400,Grace Testify Perez,Testside Terrace,67676,Testport,+1-343-555-2323
0000000401,John Testfield Carter,Testbridge Place,50505,Testmeadow,+1-555-555-0909
0000000402,Aiden Testify Phillips,Teststone Close,89898,Testland,+1-888-555-0404
0000000403,John Testfield Carter,Testelm Street,30303,Testbridge,+1-444-555-0808
0000000404,Alex Testman Johnson,Testrose Place,55555,Testwood,+1-808-555-1919
0000000406,Amelia Testify King,Testrose Place,55555,Testbridge,+1-666-555-1010
0000000411,Alex Testman Johnson,Testridge Court,44444,Testbridge,+1-808-555-1919
0000000413,John Testfield Carter,Testiris Row,77777,Testside,+1-123-555-0303
0000000414,Emily Testson Lee,Testbridge Place,90909,Testport,+1-565-555-2525
0000000415,Emily Testson Lee,Testmaple Drive,70707,Testgrove,+1-000-555-0101
0000000416,Avery Testify Evans,Testcedar Court,70707,Northtest,+1-121-555-2121
0000000423,David Testic Wilson,Testoak Road,23232,Southteston,+1-123-555-3131
0000000424,Jack Testify Edwards,Testpine Avenue,60606,Testfield,+1-121-555-2121
0000000426,Lily Testify Collins,Testview Drive,88888,Southteston,+1-565-555-2525
0000000427,Sophia Testcase Miller,Testrose Place,33333,Testford,+1-454-555-2424
0000000428,Aiden Testify Phillips,Testview Drive,78787,Westteston,+1-707-555-1818
0000000430,Henry Testify Nelson,Testbridge Place,50505,Testhaven,+1-222-555-0606
0000000436,Elijah Testify Roberts,Testmaple Drive,10101,Testridge,+1-909-555-2020
0000000437,David Testic Wilson,Testelm Street,33333,Testhill,+1-787-555-2727
0000000438,Matthew Testable Wright,Testhill Boulevard,67676,Testdale,+1-303-555-1414
0000000439,Lily Testify Collins,Testhaven Square,70707,Testhaven,+1-454-555-2424
0000000440,Elijah Testify Roberts,Testpine Avenue,11111,Southteston,+1-404-555-1515
0000000441,Aiden Testify Phillips,Testbirch Terrace,55555,Testridge,+1-808-555-1919
0000000442,Lucas Testify Parker,Testpeony Trail,44444,Testbridge,+1-787-555-2727
0000000443,Isabella Testify Baker,Testpine Avenue,34343,Testbridge,+1-666-555-1010
0000000444,Olivia Testoff Davis,Testgate Street,22222,Testport,+1-606-555-1717
0000000445,Emma Testwoman Harris,Testspring Walk,99999,Testpark,+1-888-555-0404
0000000446,Maria Testa Smith,Testpine Avenue,90909,Testridge,+1-787-555-2727
0000000447,Elijah Testify Roberts,Testhill Boulevard,55555,Testland,+1-232-555-2222
0000000448,Charlotte Testadult Walker,Testside Terrace,40404,Testborough,+1-444-555-0808
0000000449,James Testerly Clark,Testpoint Trail,10101,Testborough,+1-888-555-0404
0000000450,John Testfield Carter,Testpine Avenue,34343,Testfield,+1-202-555-1313
0000000451,Mia Testify Scott,Testview Drive,40404,Testgrove,+1-454-555-2424
0000000452,Daniel Testsenior Young,Testbridge Place,99999,Testfield,+1-404-555-1515
0000000453,Chloe Testify Turner,Testside Terrace,90909,Testwood,+1-777-555-1111
0000000454,Benjamin Testchild Lewis,Testvale Row,78787,Northtest,+1-888-555-0404
0000000455,Lily Testify Collins,Testfir Crescent,99999,Testview,+1-123-555-0303
0000000456,James Testerly Clark,Testoak Road,00000,Testpark,+1-676-555-2626
0000000461,James Testerly Clark,Testgrove Circle,89898,Testhaven,+1-888-555-0404
0000000462,Maria Testa Smith,Testcedar Court,45454,Testhill,+1-676-555-2626
0000000463,Chloe Testify Turner,Testmaple Drive,55555,Testborough,+1-777-555-1111
0000000466,Grace Testify Perez,Testoak Road,56565,Testhaven,+1-000-555-0101
0000000467,Ella Testify Campbell,Testhill Boulevard,20202,Testbridge,+1-123-555-3131
0000000468,Daniel Testsenior Young,Teststone Close,89898,Testgrove,+1-123-555-0303
0000000469,Grace Testify Perez,Testelm Street,23232,Testridge,+1-555-555-0909
0000000470,David Testic Wilson,Testhill Boulevard,67676,Testford,+1-888-555-0404
0000000472,David Testic Wilson,Testelm Street,66666,Testport,+1-121-555-2121
0000000473,Ella Testify Campbell,Testiris Row,55555,Southteston,+1-555-555-0909
0000000474,Henry Testify Nelson,Testtulip Close,90909,Westteston,+1-000-555-0101
0000000475,Ella Testify Campbell,Testtulip Close,45454,Westteston,+1-000-555-0101
0000000476,Daniel Testsenior Young,Testlily Circle,77777,Testborough,+1-303-555-1414
0000000477,Michael Testly Brown,Testash Boulevard,12121,Testpark,+1-404-555-1515
0000000478,Alex Testman Johnson,Testdaisy Way,55555,Testridge,+1-999-555-0202
0000000479,Aiden Testify Phillips,Testbridge Place,70707,Testland,+1-000-555-0101
0000000480,Lily Testify Collins,Testgrove Circle,44444,Testgate,+1-123-555-3131
0000000481,Benjamin Testchild Lewis,Testside Terrace,11111,Testview,+1-787-555-2727
0000000486,Jack Testify Edwards,Teststone Close,34343,Testford,+1-101-555-1212
0000000487,John Testfield Carter,Testspring Walk,70707,Northtest,+1-000-555-2929
0000000488,Aiden Testify Phillips,Testside Terrace,66666,Testhill,+1-565-555-2525
0000000489,Jack Testify Edwards,Testorchid Walk,00000,Testport,+1-343-555-2323
0000000490,John Testfield Carter,Testpoint Trail,88888,Testdale,+1-909-555-2020
0000000492,Jack Testify Edwards,Testwillow Lane,55555,Testside,+1-606-555-1717
0000000493,John Testfield Carter,Testtulip Close,00000,Testhaven,+1-123-555-3131
0000000496,Henry Testify Nelson,Testfir Crescent,23232,Testland,+1-454-555-2424
0000000497,Abigail Testcase Hall,Testash Boulevard,70707,Testfield,+1-505-555-1616
0000000505,Henry Testify Nelson,Testbridge Place,44444,Testridge,+1-232-555-2222
0000000506,Jack Testify Edwards,Testash Boulevard,88888,Testridge,+1-676-555-2626
0000000511,Abigail Testcase Hall,Testiris Row,77777,Testhill,+1-676-555-2626
0000000521,Lily Testify Collins,Testvale Row,99999,Testmeadow,+1-505-555-1616
0000000522,Amelia Testify King,Testwillow Lane,66666,Testhill,+1-000-555-2929
0000000523,Charlotte Testadult Walker,Testspring Walk,55555,Testland,+1-202-555-1313
0000000531,Alex Testman Johnson,Testvale Row,80808,Testfield,+1-676-555-2626
0000000532,Lily Testify Collins,Testiris Row,77777,Testwood,+1-343-555-2323
0000000533,David Testic Wilson,Testfield Road,50505,Testport,+1-202-555-1313
0000000534,Aiden Testify Phillips,Testcedar Court,45454,Testpark,+1-202-555-1313
0000000536,Joseph Testify Allen,Testbirch Terrace,12121,Testford,+1-343-555-2323
0000000537,Samuel Testify Adams,Testwood Avenue,12345,Testford,+1-666-555-1010
0000000538,Elijah Testify Roberts,Testpark Crescent,99999,Testbridge,+1-777-555-1111
0000000539,Henry Testify Nelson,Testoak Road,34343,Testdale,+1-202-555-1313
