MANDT,SSOUR,VRSIO,SPMON,SPTAG,SPWOC,SPBUP,EKORG,LIFNR,MATNR,WERKS,ESOKZ,INFNR,PERIV,VWDAT,PWMT1,PWMT2,PWTT1,PWTT2,PWEV1,PWEV2,PWWE1,PWWE2,PWFR1,PWFR2,PWQA1,PWQA2,LAVI1,LAVI2,ALAV1,ALAV2,RELIA,RISK1
"200","1","0","202302","00000000","43","1","3000","1027","MAT0143","PL03","0","IR120","M","0000000000","88","72","59","50","50","37","52","42","62","49","100","84","66","53","70","51","68","32"
"200","1","0","202311","00000000","41","1","3000","1047","MAT0140","PL01","0","IR113","M","0000000000","40","32","49","35","97","82","69","56","99","78","49","42","71","51","95","78","68","32"
"200","2","0","202309","00000000","8","1","3000","1044","MAT0169","PL02","0","IR129","W","0000000000","89","69","50","45","78","66","64","46","53","42","62","49","53","37","100","79","68","32"
"200","2","0","202305","00000000","43","1","3000","1022","MAT0169","PL03","0","IR140","W","0000000000","67","54","73","58","88","67","61","51","47","41","99","76","51","43","69","56","68","32"
"200","1","0","202311","00000000","27","1","1000","1006","MAT0111","PL01","0","IR135","W","0000000000","91","73","93","70","46","38","45","40","81","67","41","28","79","68","99","81","73","27"
"200","2","0","202305","00000000","51","1","2000","1030","MAT0115","PL03","0","IR100","W","0000000000","62","50","90","67","98","78","69","53","66","55","98","77","92","72","81","69","81","19"
"200","1","0","202310","00000000","26","1","1000","1001","MAT0119","PL03","0","IR108","M","0000000000","90","72","63","50","93","71","92","77","73","59","92","71","87","72","78","63","83","17"
"200","1","0","202306","00000000","6","1","1000","1011","MAT0151","PL01","0","IR100","M","0000000000","97","74","60","51","73","54","50","45","67","57","54","44","46","41","85","67","66","34"
"200","1","0","202305","00000000","35","1","1000","1001","MAT0179","PL03","0","IR149","W","0000000000","85","65","74","61","98","83","45","41","76","60","64","48","41","30","87","74","69","31"
"200","1","0","202302","00000000","32","1","2000","1017","MAT0110","PL01","0","IR106","W","0000000000","99","75","49","41","80","68","41","28","80","60","77","58","95","75","46","35","71","29"
"200","1","0","202302","00000000","23","1","2000","1004","MAT0162","PL03","0","IR134","D","0000000000","80","69","44","37","53","39","83","63","66","51","64","46","96","73","60","53","70","30"
"200","1","0","202304","00000000","47","1","3000","1047","MAT0132","PL01","0","IR117","W","0000000000","99","82","47","34","52","39","78","62","41","28","74","57","41","27","73","58","64","36"
"200","1","0","202310","00000000","50","1","3000","1022","MAT0170","PL02","0","IR150","D","0000000000","81","65","58","44","69","54","87","66","91","70","71","61","67","52","72","58","74","26"
"200","1","0","202308","00000000","3","1","3000","1027","MAT0157","PL02","0","IR126","W","0000000000","67","57","78","63","87","70","57","43","92","77","60","48","79","63","46","41","71","29"
"200","1","0","202306","00000000","1","1","2000","1041","MAT0167","PL03","0","IR145","W","0000000000","62","46","65","52","41","30","47","33","51","38","91","77","60","48","67","53","60","40"
"200","2","0","202311","00000000","28","1","2000","1036","MAT0141","PL02","0","IR112","D","0000000000","97","80","54","41","75","56","44","38","64","50","58","50","78","67","53","38","66","34"
"200","1","0","202308","00000000","9","1","2000","1002","MAT0135","PL01","0","IR133","D","0000000000","66","53","47","35","47","41","68","49","50","39","78","57","60","53","77","65","61","39"
"200","1","0","202307","00000000","45","1","2000","1001","MAT0108","PL02","0","IR107","W","0000000000","70","56","46","36","93","75","91","68","66","55","86","68","59","49","57","49","70","30"
"200","1","0","202305","00000000","3","1","1000","1001","MAT0128","PL01","0","IR104","W","0000000000","43","35","92","71","40","29","48","34","46","34","60","48","95","79","84","62","65","35"
"200","1","0","202309","00000000","16","1","3000","1039","MAT0148","PL02","0","IR131","W","0000000000","57","42","84","67","50","37","99","83","48","39","77","66","69","57","47","42","69","32"
"200","1","0","202304","00000000","43","1","1000","1046","MAT0161","PL02","0","IR112","W","0000000000","54","46","45","34","56","49","89","76","58","44","85","64","45","32","62","51","61","39"
"200","2","0","202308","00000000","40","1","3000","1013","MAT0175","PL01","0","IR112","D","0000000000","88","72","73","63","72","54","94","78","60","44","88","67","100","78","59","47","81","19"
"200","2","0","202311","00000000","29","1","2000","1010","MAT0139","PL02","0","IR135","D","0000000000","100","76","95","72","76","58","81","59","46","38","49","36","69","54","96","71","78","22"
"200","1","0","202307","00000000","39","1","2000","1013","MAT0119","PL03","0","IR131","M","0000000000","65","52","72","53","67","48","72","62","61","49","43","35","68","52","57","44","64","36"
"200","1","0","202302","00000000","8","1","1000","1043","MAT0106","PL01","0","IR117","D","0000000000","49","35","49","42","91","73","76","64","100","84","59","51","45","34","55","47","63","37"
"200","2","0","202312","00000000","19","1","3000","1006","MAT0135","PL01","0","IR111","M","0000000000","54","39","96","74","79","62","84","69","85","66","65","49","65","50","65","52","74","26"
"200","2","0","202306","00000000","12","1","2000","1030","MAT0139","PL01","0","IR143","D","0000000000","94","72","98","75","84","67","55","46","50","37","60","43","83","71","44","37","73","27"
"200","1","0","202302","00000000","20","1","3000","1030","MAT0174","PL02","0","IR131","M","0000000000","40","27","71","60","95","81","55","43","70","54","47","40","42","36","92","70","62","38"
"200","1","0","202303","00000000","15","1","3000","1016","MAT0162","PL01","0","IR131","D","0000000000","56","44","63","53","69","60","40","36","92","75","62","45","59","46","85","73","64","37"
"200","2","0","202311","00000000","22","1","2000","1047","MAT0155","PL03","0","IR117","W","0000000000","63","46","53","41","87","74","45","41","52","44","98","80","64","54","80","61","66","35"
"200","2","0","202311","00000000","34","1","2000","1037","MAT0166","PL03","0","IR142","D","0000000000","84","71","61","48","93","73","79","59","47","32","67","55","90","77","69","52","75","25"
"200","1","0","202301","00000000","9","1","2000","1018","MAT0108","PL02","0","IR142","M","0000000000","91","76","58","42","40","27","69","57","42","32","53","37","58","47","92","73","64","36"
"200","2","0","202307","00000000","17","1","2000","1045","MAT0134","PL03","0","IR111","M","0000000000","49","37","86","63","52","43","67","53","77","59","98","83","45","41","58","47","66","35"
"200","1","0","202307","00000000","28","1","1000","1020","MAT0174","PL01","0","IR128","M","0000000000","48","36","83","65","89","70","52","37","56","43","48","42","66","57","75","62","64","36"
"200","2","0","202303","00000000","35","1","3000","1043","MAT0145","PL02","0","IR148","W","0000000000","69","58","62","44","67","54","69","51","66","49","66","56","69","54","41","30","64","36"
"200","2","0","202309","00000000","4","1","1000","1042","MAT0100","PL01","0","IR141","D","0000000000","61","52","42","30","81","62","79","58","100","85","68","53","60","48","100","75","71","29"
"200","2","0","202303","00000000","44","1","3000","1006","MAT0137","PL01","0","IR140","W","0000000000","76","64","70","61","84","70","61","43","95","74","43","37","47","34","87","72","69","31"
"200","2","0","202307","00000000","8","1","2000","1031","MAT0179","PL02","0","IR111","D","0000000000","84","63","52","44","47","33","44","33","40","30","49","35","78","64","96","71","62","38"
"200","2","0","202308","00000000","19","1","3000","1039","MAT0156","PL01","0","IR131","W","0000000000","94","72","82","62","79","68","47","35","67","50","49","42","80","67","41","30","69","31"
"200","2","0","202301","00000000","42","1","3000","1025","MAT0149","PL03","0","IR102","W","0000000000","84","62","91","71","46","38","69","51","66","56","92","74","67","48","49","43","72","28"
"200","1","0","202306","00000000","47","1","3000","1046","MAT0158","PL02","0","IR145","D","0000000000","57","43","40","32","50","43","62","50","72","60","94","71","95","73","72","62","67","33"
"200","2","0","202303","00000000","21","1","3000","1048","MAT0138","PL03","0","IR137","M","0000000000","99","81","65","56","44","40","98","75","93","78","81","67","70","61","64","54","78","22"
"200","2","0","202302","00000000","40","1","2000","1002","MAT0103","PL01","0","IR147","D","0000000000","94","80","86","70","50","40","54","41","46","34","82","61","46","33","71","57","67","33"
"200","2","0","202308","00000000","44","1","2000","1023","MAT0177","PL01","0","IR147","D","0000000000","80","66","93","75","41","29","99","84","51","44","60","51","46","34","84","65","71","29"
"200","1","0","202311","00000000","47","1","3000","1033","MAT0124","PL03","0","IR112","D","0000000000","45","33","77","56","41","32","80","65","82","69","46","39","53","38","42","33","59","41"
"200","1","0","202309","00000000","7","1","1000","1030","MAT0164","PL02","0","IR103","M","0000000000","62","45","62","51","79","64","97","82","75","61","94","71","48","42","91","68","74","26"
"200","2","0","202305","00000000","46","1","2000","1001","MAT0128","PL01","0","IR118","D","0000000000","43","35","92","71","40","29","48","34","46","34","60","48","95","79","84","62","65","35"
"200","2","0","202305","00000000","22","1","1000","1015","MAT0166","PL01","0","IR135","M","0000000000","99","75","79","67","72","59","59","46","65","57","79","58","43","29","74","59","71","29"
"200","2","0","202303","00000000","47","1","1000","1042","MAT0107","PL01","0","IR131","M","0000000000","55","39","71","56","44","31","91","73","100","84","76","64","97","73","79","66","77","23"
"200","1","0","202309","00000000","4","1","2000","1022","MAT0155","PL02","0","IR108","W","0000000000","70","51","59","42","90","70","94","78","96","80","54","44","41","37","99","84","74","27"
"200","1","0","202304","00000000","48","1","3000","1035","MAT0117","PL03","0","IR100","M","0000000000","47","35","68","54","47","38","97","72","79","61","97","75","63","46","62","53","70","30"
"200","1","0","202311","00000000","5","1","2000","1003","MAT0109","PL03","0","IR131","M","0000000000","43","38","48","43","68","52","51","39","58","43","42","37","60","49","62","51","53","47"
"200","1","0","202306","00000000","46","1","3000","1022","MAT0128","PL02","0","IR105","D","0000000000","68","59","85","66","59","50","100","79","63","50","89","74","75","63","58","42","76","24"
"200","2","0","202312","00000000","14","1","1000","1033","MAT0129","PL02","0","IR150","D","0000000000","79","60","50","36","83","65","42","34","63","50","55","49","81","65","40","33","62","38"
"200","2","0","202310","00000000","32","1","1000","1044","MAT0156","PL02","0","IR128","D","0000000000","81","59","88","69","69","54","100","84","47","38","41","31","71","52","93","69","76","24"
"200","2","0","202312","00000000","40","1","2000","1024","MAT0123","PL02","0","IR147","D","0000000000","82","65","67","48","74","63","43","34","82","64","59","51","42","31","74","54","64","36"
"200","2","0","202311","00000000","6","1","1000","1024","MAT0136","PL03","0","IR121","M","0000000000","94","78","100","79","74","56","69","56","67","55","76","58","86","65","76","55","82","18"
"200","1","0","202308","00000000","2","1","2000","1039","MAT0135","PL01","0","IR102","W","0000000000","63","54","57","40","82","61","56","43","90","76","81","69","91","72","89","70","74","26"
"200","2","0","202301","00000000","6","1","2000","1035","MAT0127","PL03","0","IR120","D","0000000000","52","46","53","39","79","68","85","65","58","49","83","69","62","54","98","78","70","30"
"200","2","0","202310","00000000","3","1","3000","1016","MAT0135","PL03","0","IR103","M","0000000000","56","48","95","81","71","51","48","36","54","39","80","69","51","35","49","36","63","37"
"200","2","0","202311","00000000","5","1","3000","1001","MAT0145","PL02","0","IR109","D","0000000000","74","62","85","70","42","29","78","65","55","40","62","47","46","34","44","35","63","37"
"200","1","0","202310","00000000","52","1","2000","1023","MAT0142","PL03","0","IR149","M","0000000000","66","47","97","74","81","64","63","45","70","55","100","77","58","50","79","58","76","24"
"200","2","0","202309","00000000","8","1","3000","1037","MAT0144","PL01","0","IR130","M","0000000000","100","77","53","43","64","56","93","70","77","57","42","31","82","69","86","71","76","24"
"200","2","0","202306","00000000","23","1","3000","1028","MAT0140","PL03","0","IR123","M","0000000000","57","43","52","41","93","72","76","62","58","46","98","74","55","42","61","50","67","33"
"200","2","0","202305","00000000","21","1","1000","1014","MAT0157","PL01","0","IR126","M","0000000000","90","75","66","50","54","44","76","65","92","77","92","78","48","35","99","83","76","24"
"200","1","0","202308","00000000","11","1","1000","1031","MAT0125","PL02","0","IR148","M","0000000000","45","38","73","53","72","54","97","82","49","38","66","50","47","39","98","79","68","32"
"200","1","0","202301","00000000","28","1","1000","1047","MAT0112","PL03","0","IR104","D","0000000000","100","77","88","68","53","39","80","67","53","38","56","41","82","60","45","37","73","27"
"200","1","0","202302","00000000","23","1","2000","1033","MAT0149","PL02","0","IR128","M","0000000000","97","76","67","49","62","49","48","38","65","56","84","71","75","64","55","40","70","30"
"200","2","0","202307","00000000","29","1","1000","1048","MAT0161","PL03","0","IR137","W","0000000000","84","70","48","34","86","65","51","35","86","72","89","75","77","61","98","83","75","25"
"200","1","0","202307","00000000","18","1","3000","1019","MAT0163","PL03","0","IR106","W","0000000000","61","49","43","33","76","60","73","59","97","77","73","55","77","58","72","52","70","30"
"200","1","0","202309","00000000","33","1","1000","1007","MAT0136","PL01","0","IR102","M","0000000000","57","44","71","60","68","50","54","41","96","81","50","39","58","43","100","76","67","33"
"200","1","0","202308","00000000","32","1","2000","1012","MAT0100","PL01","0","IR117","M","0000000000","71","60","93","75","92","75","41","35","63","47","53","44","58","45","100","76","70","30"
"200","1","0","202307","00000000","46","1","3000","1022","MAT0110","PL02","0","IR135","M","0000000000","87","69","90","71","54","45","86","73","44","38","60","53","50","36","72","57","70","30"
"200","1","0","202303","00000000","25","1","1000","1040","MAT0101","PL03","0","IR116","W","0000000000","59","51","66","49","82","66","46","32","82","68","73","62","57","41","79","62","66","34"
"200","1","0","202301","00000000","45","1","2000","1011","MAT0163","PL03","0","IR140","M","0000000000","58","44","48","33","52","42","80","60","96","78","45","39","100","84","73","56","70","31"
"200","1","0","202305","00000000","15","1","2000","1022","MAT0161","PL03","0","IR131","M","0000000000","74","58","54","40","91","71","45","31","68","49","59","50","63","47","66","52","64","36"
"200","2","0","202305","00000000","15","1","1000","1022","MAT0169","PL02","0","IR128","W","0000000000","67","54","73","58","88","67","61","51","47","41","99","76","51","43","69","56","68","32"
"200","2","0","202305","00000000","14","1","2000","1027","MAT0114","PL01","0","IR149","W","0000000000","51","37","69","57","60","50","82","69","47","38","62","54","84","65","65","47","66","34"
"200","2","0","202308","00000000","26","1","2000","1020","MAT0152","PL01","0","IR131","M","0000000000","66","51","59","44","68","52","87","65","99","76","92","70","97","72","80","68","80","20"
"200","1","0","202312","00000000","52","1","2000","1040","MAT0105","PL01","0","IR121","W","0000000000","59","45","68","59","66","48","54","47","76","64","96","76","50","37","74","63","66","34"
"200","1","0","202301","00000000","2","1","3000","1041","MAT0106","PL01","0","IR125","W","0000000000","73","59","53","40","63","49","74","56","52","41","50","40","93","75","74","57","68","32"
"200","1","0","202304","00000000","50","1","3000","1018","MAT0138","PL01","0","IR117","M","0000000000","94","75","50","43","85","66","85","64","99","77","84","64","80","62","51","42","78","22"
"200","1","0","202312","00000000","51","1","2000","1024","MAT0151","PL01","0","IR119","W","0000000000","48","34","92","76","87","70","96","71","57","40","95","79","45","40","44","32","71","30"
"200","2","0","202308","00000000","45","1","3000","1047","MAT0102","PL03","0","IR124","D","0000000000","59","49","57","46","69","54","52","42","46","32","56","42","81","65","76","63","62","38"
"200","2","0","202306","00000000","52","1","3000","1025","MAT0147","PL01","0","IR135","D","0000000000","88","71","74","57","85","70","46","36","68","56","54","47","76","56","41","37","67","33"
"200","1","0","202301","00000000","45","1","3000","1031","MAT0175","PL03","0","IR100","W","0000000000","55","48","45","34","49","34","65","54","79","62","93","75","70","55","73","58","65","35"
"200","2","0","202303","00000000","1","1","1000","1048","MAT0171","PL03","0","IR107","D","0000000000","90","74","71","58","74","62","71","59","60","44","81","60","55","45","60","44","71","30"
"200","2","0","202312","00000000","18","1","3000","1007","MAT0104","PL02","0","IR123","M","0000000000","96","73","67","56","71","57","50","41","80","59","91","71","73","54","71","57","74","26"
"200","1","0","202309","00000000","31","1","1000","1009","MAT0137","PL02","0","IR111","D","0000000000","73","61","83","70","53","41","91","74","79","65","100","78","85","68","63","47","79","21"
"200","1","0","202306","00000000","1","1","1000","1000","MAT0139","PL02","0","IR127","M","0000000000","84","63","52","36","52","45","84","69","46","40","74","56","69","51","61","48","67","33"
"200","2","0","202305","00000000","35","1","3000","1023","MAT0179","PL03","0","IR104","M","0000000000","55","42","60","51","86","73","44","37","82","68","74","56","92","77","64","50","68","32"
"200","2","0","202304","00000000","1","1","1000","1046","MAT0127","PL01","0","IR139","D","0000000000","57","49","51","45","56","45","76","60","46","40","48","42","91","76","73","57","64","36"
"200","2","0","202307","00000000","25","1","3000","1030","MAT0100","PL02","0","IR119","M","0000000000","60","49","44","40","97","79","43","34","48","37","72","60","91","68","68","52","64","36"
"200","2","0","202311","00000000","12","1","1000","1005","MAT0177","PL02","0","IR149","M","0000000000","93","71","53","43","50","43","100","82","80","66","93","73","57","50","85","64","76","24"
"200","2","0","202306","00000000","24","1","2000","1027","MAT0127","PL03","0","IR138","W","0000000000","79","60","75","55","96","74","98","80","100","80","52","44","64","49","63","45","79","22"
"200","2","0","202312","00000000","42","1","3000","1017","MAT0161","PL01","0","IR123","D","0000000000","65","56","42","28","84","69","85","72","56","49","57","47","80","66","43","31","65","35"
"200","1","0","202311","00000000","48","1","1000","1009","MAT0122","PL02","0","IR120","M","0000000000","95","71","94","77","48","43","45","31","66","52","93","70","94","78","47","36","75","25"
"200","1","0","202308","00000000","18","1","3000","1046","MAT0146","PL01","0","IR132","W","0000000000","73","63","40","27","100","76","82","63","65","55","66","49","93","73","82","61","75","26"
"200","1","0","202306","00000000","41","1","1000","1047","MAT0100","PL01","0","IR113","M","0000000000","59","43","57","49","75","62","62","45","47","33","61","44","69","52","76","56","63","37"
"200","2","0","202307","00000000","13","1","2000","1005","MAT0131","PL01","0","IR118","W","0000000000","59","44","93","73","83","61","81","65","100","79","97","74","95","75","52","38","82","18"
"200","1","0","202312","00000000","23","1","3000","1016","MAT0111","PL03","0","IR113","W","0000000000","71","58","62","54","77","66","63","47","62","44","89","75","81","65","73","55","72","28"
"200","2","0","202310","00000000","24","1","3000","1035","MAT0134","PL02","0","IR137","D","0000000000","45","31","72","53","89","74","53","47","56","49","53","39","69","57","56","41","61","39"
"200","1","0","202301","00000000","52","1","3000","1006","MAT0145","PL02","0","IR136","M","0000000000","95","81","97","73","40","29","50","40","66","51","70","53","61","50","61","51","69","31"
"200","2","0","202305","00000000","26","1","3000","1025","MAT0160","PL01","0","IR132","D","0000000000","93","79","55","45","56","43","86","63","63","48","78","65","61","44","70","57","71","29"
"200","2","0","202301","00000000","10","1","1000","1044","MAT0167","PL01","0","IR119","D","0000000000","52","36","100","76","76","59","88","67","48","38","48","40","82","66","61","45","72","28"
"200","2","0","202312","00000000","31","1","3000","1013","MAT0155","PL02","0","IR145","D","0000000000","45","36","86","63","55","46","49","36","83","66","75","56","94","77","89","74","71","29"
"200","1","0","202304","00000000","12","1","1000","1008","MAT0140","PL02","0","IR121","M","0000000000","88","75","99","80","48","42","65","53","89","74","60","44","97","77","58","48","78","22"
"200","2","0","202303","00000000","20","1","2000","1038","MAT0150","PL03","0","IR102","W","0000000000","98","76","44","34","81","65","54","39","48","38","71","57","52","46","42","30","61","39"
"200","2","0","202311","00000000","1","1","2000","1010","MAT0150","PL03","0","IR125","W","0000000000","83","71","73","54","93","79","46","37","69","50","91","69","45","36","62","46","69","32"
"200","2","0","202309","00000000","25","1","3000","1027","MAT0133","PL01","0","IR100","W","0000000000","87","72","80","64","47","39","78","62","91","75","91","72","98","74","68","51","81","19"
"200","2","0","202305","00000000","22","1","3000","1016","MAT0125","PL02","0","IR134","W","0000000000","72","59","92","72","79","58","86","64","95","78","69","57","67","53","43","29","76","24"
"200","1","0","202303","00000000","10","1","3000","1022","MAT0153","PL02","0","IR117","W","0000000000","41","32","68","49","60","51","59","48","80","62","42","30","78","58","47","40","60","40"
"200","1","0","202307","00000000","47","1","1000","1039","MAT0131","PL02","0","IR147","W","0000000000","98","82","92","75","97","72","93","70","99","79","86","68","92","68","73","55","92","8"
"200","2","0","202312","00000000","48","1","1000","1001","MAT0123","PL02","0","IR150","D","0000000000","46","34","58","42","57","42","48","33","85","70","68","52","86","68","40","33","61","39"
"200","1","0","202310","00000000","12","1","3000","1019","MAT0178","PL02","0","IR100","W","0000000000","72","57","74","63","94","77","90","70","55","45","84","66","91","69","43","33","77","23"
"200","2","0","202310","00000000","41","1","3000","1026","MAT0116","PL02","0","IR124","W","0000000000","57","43","57","43","69","50","78","62","90","70","80","60","60","52","46","35","66","34"
"200","1","0","202311","00000000","37","1","1000","1021","MAT0143","PL03","0","IR135","W","0000000000","60","50","62","47","92","76","68","51","49","44","69","56","94","74","87","70","72","28"
"200","2","0","202305","00000000","49","1","2000","1047","MAT0167","PL02","0","IR129","D","0000000000","55","48","55","40","44","31","57","50","89","72","67","54","60","48","83","66","62","38"
"200","1","0","202302","00000000","14","1","1000","1037","MAT0121","PL01","0","IR118","D","0000000000","79","62","62","52","76","62","67","51","66","53","88","73","41","29","88","71","69","31"
"200","2","0","202309","00000000","35","1","2000","1049","MAT0151","PL01","0","IR131","W","0000000000","75","59","66","52","62","49","88","75","53","38","66","57","97","82","78","67","75","25"
"200","1","0","202307","00000000","1","1","3000","1028","MAT0120","PL02","0","IR141","D","0000000000","48","36","62","45","87","67","67","52","40","27","62","46","96","77","95","77","69","31"
"200","2","0","202301","00000000","40","1","1000","1024","MAT0174","PL01","0","IR140","W","0000000000","81","62","66","49","66","56","66","56","52","44","80","60","41","36","79","67","66","34"
"200","2","0","202303","00000000","5","1","1000","1023","MAT0102","PL01","0","IR129","W","0000000000","87","67","78","59","96","78","90","72","81","62","64","48","75","62","72","55","81","19"
"200","2","0","202309","00000000","25","1","1000","1038","MAT0156","PL02","0","IR145","M","0000000000","55","48","90","72","51","37","69","53","72","59","81","60","47","32","91","67","69","31"
"200","2","0","202307","00000000","8","1","1000","1049","MAT0177","PL01","0","IR148","M","0000000000","81","59","74","58","85","69","41","27","68","54","70","57","92","76","86","73","74","26"
"200","1","0","202305","00000000","19","1","3000","1010","MAT0146","PL02","0","IR150","W","0000000000","66","50","82","64","61","44","49","39","98","83","55","40","90","74","70","58","72","29"
"200","2","0","202308","00000000","29","1","3000","1036","MAT0135","PL02","0","IR147","M","0000000000","78","60","42","33","88","74","48","38","49","38","73","57","58","43","41","36","59","41"
"200","2","0","202308","00000000","11","1","2000","1038","MAT0137","PL03","0","IR137","M","0000000000","94","79","64","50","56","41","80","68","54","38","41","31","94","75","53","45","70","30"
"200","2","0","202304","00000000","10","1","2000","1023","MAT0148","PL03","0","IR150","D","0000000000","95","73","99","81","71","57","81","59","50","45","95","72","73","58","70","54","81","19"
"200","1","0","202306","00000000","5","1","2000","1022","MAT0163","PL03","0","IR147","M","0000000000","69","58","76","58","98","76","80","64","98","83","40","27","93","75","87","74","80","20"
"200","2","0","202302","00000000","13","1","3000","1003","MAT0157","PL01","0","IR133","W","0000000000","76","65","73","56","55","42","55","46","56","41","91","67","87","73","51","39","69","31"
"200","1","0","202308","00000000","7","1","3000","1014","MAT0131","PL03","0","IR138","W","0000000000","77","56","88","70","77","66","70","52","69","53","46","38","74","55","96","78","75","25"
"200","2","0","202310","00000000","32","1","3000","1000","MAT0174","PL01","0","IR132","W","0000000000","67","58","95","74","97","81","47","42","86","72","96","78","68","49","89","70","78","22"
"200","2","0","202309","00000000","32","1","1000","1041","MAT0138","PL01","0","IR148","W","0000000000","56","47","95","75","74","64","55","46","61","44","57","42","83","68","75","55","70","30"
"200","2","0","202302","00000000","20","1","3000","1006","MAT0156","PL01","0","IR143","D","0000000000","61","44","80","62","83","64","74","58","92","76","51","39","52","41","89","74","72","29"
"200","2","0","202305","00000000","10","1","2000","1012","MAT0150","PL02","0","IR122","M","0000000000","90","75","50","42","94","80","50","44","79","64","82","64","50","38","60","47","68","33"
"200","1","0","202304","00000000","46","1","2000","1019","MAT0154","PL02","0","IR101","W","0000000000","76","55","65","53","88","70","66","57","40","29","88","72","100","79","65","47","74","26"
"200","2","0","202301","00000000","43","1","2000","1024","MAT0141","PL03","0","IR131","D","0000000000","75","62","75","59","87","65","52","37","91","70","53","39","79","63","72","59","73","28"
"200","1","0","202303","00000000","20","1","3000","1037","MAT0148","PL01","0","IR105","W","0000000000","43","36","46","35","43","30","80","66","61","45","57","41","74","59","63","51","59","41"
"200","2","0","202308","00000000","30","1","2000","1036","MAT0169","PL02","0","IR143","M","0000000000","88","65","82","62","56","40","75","60","73","58","92","75","58","44","84","64","76","24"
"200","1","0","202309","00000000","52","1","2000","1038","MAT0102","PL03","0","IR118","M","0000000000","48","33","47","40","81","59","66","55","67","53","65","47","91","76","71","57","66","34"
"200","2","0","202305","00000000","29","1","3000","1004","MAT0109","PL01","0","IR121","D","0000000000","76","63","45","32","75","64","89","73","47","41","74","64","50","38","91","68","68","32"
"200","1","0","202304","00000000","28","1","1000","1036","MAT0143","PL02","0","IR137","M","0000000000","69","50","73","59","89","75","84","66","87","64","92","77","100","81","67","48","82","18"
"200","1","0","202309","00000000","3","1","1000","1029","MAT0125","PL03","0","IR104","W","0000000000","89","75","92","70","76","58","99","76","62","47","97","76","96","73","85","64","88","12"
"200","2","0","202312","00000000","48","1","1000","1042","MAT0126","PL02","0","IR128","W","0000000000","52","39","59","47","50","35","67","50","57","47","54","39","99","80","98","73","68","33"
"200","1","0","202302","00000000","33","1","3000","1013","MAT0148","PL03","0","IR107","D","0000000000","77","64","46","35","60","46","63","49","79","65","95","80","56","44","51","40","65","35"
"200","1","0","202307","00000000","27","1","2000","1031","MAT0177","PL01","0","IR123","W","0000000000","62","52","87","69","60","50","66","51","52","44","53","38","45","38","91","67","65","35"
"200","1","0","202312","00000000","42","1","3000","1041","MAT0138","PL02","0","IR101","W","0000000000","56","47","95","75","74","64","55","46","61","44","57","42","83","68","75","55","70","30"
"200","2","0","202306","00000000","27","1","1000","1020","MAT0105","PL02","0","IR111","M","0000000000","49","36","94","72","55","46","51","35","76","55","40","36","48","36","73","63","61","39"
"200","1","0","202301","00000000","2","1","2000","1042","MAT0123","PL01","0","IR109","W","0000000000","63","48","96","75","99","80","47","42","90","72","50","39","41","36","71","56","68","32"
"200","1","0","202303","00000000","1","1","2000","1024","MAT0176","PL01","0","IR126","D","0000000000","62","45","64","53","51","40","93","72","89","73","91","67","84","65","40","27","73","28"
"200","2","0","202310","00000000","46","1","1000","1029","MAT0153","PL02","0","IR147","M","0000000000","94","80","97","72","74","58","68","56","48","40","94","74","78","59","91","72","81","19"
"200","1","0","202312","00000000","20","1","2000","1014","MAT0165","PL03","0","IR142","M","0000000000","48","34","91","73","100","79","49","43","54","39","82","63","45","34","87","68","67","33"
"200","1","0","202311","00000000","51","1","1000","1036","MAT0134","PL01","0","IR120","D","0000000000","88","74","97","72","48","39","60","53","67","48","63","48","82","62","49","34","72","28"
"200","2","0","202306","00000000","17","1","2000","1030","MAT0144","PL02","0","IR129","M","0000000000","52","43","80","68","95","75","92","76","76","62","65","48","68","53","53","47","73","27"
"200","1","0","202306","00000000","29","1","2000","1021","MAT0166","PL03","0","IR132","D","0000000000","56","41","44","31","90","70","63","52","67","49","81","60","41","35","74","58","62","38"
"200","2","0","202309","00000000","45","1","3000","1032","MAT0124","PL01","0","IR110","D","0000000000","49","39","93","77","83","70","54","40","89","75","41","35","52","44","86","63","67","33"
"200","1","0","202312","00000000","35","1","3000","1040","MAT0179","PL02","0","IR117","D","0000000000","61","46","45","34","92","70","100","75","88","65","55","42","83","68","59","51","73","27"
"200","2","0","202308","00000000","21","1","1000","1024","MAT0166","PL03","0","IR100","D","0000000000","60","44","51","38","68","49","80","69","40","29","44","33","95","73","71","52","65","35"
"200","2","0","202307","00000000","13","1","1000","1035","MAT0139","PL02","0","IR114","W","0000000000","53","43","99","76","86","65","79","65","78","59","44","33","43","35","88","67","71","29"
"200","2","0","202304","00000000","29","1","2000","1007","MAT0174","PL01","0","IR147","M","0000000000","100","80","83","61","49","44","53","38","68","57","49","38","83","69","57","41","70","30"
"200","1","0","202309","00000000","6","1","3000","1004","MAT0143","PL03","0","IR123","D","0000000000","96","72","57","50","100","82","42","34","64","55","93","71","97","79","56","43","75","25"
"200","2","0","202301","00000000","7","1","2000","1044","MAT0155","PL03","0","IR117","W","0000000000","91","69","100","78","98","76","51","44","46","39","98","77","46","36","73","57","75","25"
"200","2","0","202302","00000000","46","1","2000","1021","MAT0153","PL03","0","IR136","W","0000000000","82","67","93","72","56","48","62","51","45","34","40","36","46","37","85","73","65","35"
"200","1","0","202310","00000000","38","1","3000","1042","MAT0148","PL01","0","IR106","D","0000000000","45","32","89","70","79","60","58","47","91","77","55","41","85","69","44","35","69","32"
"200","1","0","202304","00000000","12","1","1000","1037","MAT0177","PL03","0","IR106","W","0000000000","66","54","92","75","65","56","85","71","87","64","42","34","62","54","81","65","73","27"
"200","1","0","202304","00000000","50","1","3000","1001","MAT0158","PL03","0","IR147","W","0000000000","94","73","97","76","56","46","62","44","92","73","83","68","62","54","62","48","77","24"
"200","1","0","202306","00000000","40","1","3000","1011","MAT0163","PL03","0","IR120","W","0000000000","58","44","48","33","52","42","80","60","96","78","45","39","100","84","73","56","70","31"
"200","2","0","202301","00000000","13","1","3000","1005","MAT0151","PL02","0","IR144","M","0000000000","60","47","79","65","71","56","80","64","51","42","88","70","64","48","52","38","69","31"
"200","1","0","202307","00000000","45","1","1000","1048","MAT0171","PL01","0","IR105","M","0000000000","90","74","71","58","74","62","71","59","60","44","81","60","55","45","60","44","71","30"
"200","2","0","202301","00000000","36","1","1000","1025","MAT0133","PL03","0","IR101","W","0000000000","49","40","85","64","61","47","74","63","62","53","65","48","48","38","98","76","67","33"
"200","1","0","202307","00000000","34","1","3000","1044","MAT0128","PL02","0","IR136","W","0000000000","55","39","96","75","54","41","68","49","81","68","91","74","53","44","49","40","68","32"
"200","1","0","202302","00000000","33","1","3000","1045","MAT0146","PL02","0","IR120","D","0000000000","91","70","91","72","56","47","67","53","63","46","63","47","97","77","99","77","80","20"
"200","1","0","202303","00000000","36","1","2000","1046","MAT0144","PL03","0","IR103","W","0000000000","85","72","84","62","81","66","75","64","92","75","54","45","69","59","57","46","75","25"
"200","1","0","202311","00000000","5","1","3000","1045","MAT0118","PL02","0","IR116","M","0000000000","95","71","73","55","96","78","76","56","90","71","94","80","85","71","72","59","85","16"
"200","2","0","202312","00000000","9","1","2000","1038","MAT0162","PL01","0","IR128","W","0000000000","59","52","79","64","92","72","79","59","63","47","84","64","83","61","84","65","77","23"
"200","2","0","202304","00000000","52","1","3000","1043","MAT0138","PL02","0","IR149","M","0000000000","98","76","79","62","77","57","45","33","83","66","48","35","60","51","47","38","68","32"
"200","1","0","202303","00000000","42","1","2000","1020","MAT0100","PL03","0","IR121","D","0000000000","79","59","43","38","85","64","88","73","62","50","77","58","47","35","89","69","70","30"
"200","1","0","202303","00000000","26","1","1000","1036","MAT0149","PL01","0","IR141","M","0000000000","91","69","66","48","64","50","84","67","70","53","48","39","94","74","61","50","75","26"
"200","2","0","202307","00000000","2","1","3000","1028","MAT0112","PL03","0","IR104","D","0000000000","73","63","56","44","41","28","96","73","78","57","43","37","75","55","43","29","66","35"
"200","1","0","202308","00000000","40","1","1000","1039","MAT0163","PL03","0","IR119","W","0000000000","51","37","74","63","53","42","62","53","46","33","95","78","83","63","98","81","70","30"
"200","1","0","202311","00000000","5","1","2000","1043","MAT0123","PL01","0","IR109","D","0000000000","77","58","73","62","50","40","97","79","46","41","71","59","52","42","78","64","69","31"
"200","2","0","202301","00000000","52","1","3000","1025","MAT0105","PL03","0","IR106","M","0000000000","67","54","41","36","69","56","98","83","44","36","95","75","60","44","76","61","68","32"
"200","2","0","202309","00000000","13","1","2000","1041","MAT0141","PL02","0","IR128","D","0000000000","71","58","77","60","82","69","84","64","73","57","93","71","75","59","68","52","78","22"
"200","1","0","202309","00000000","3","1","1000","1027","MAT0151","PL01","0","IR137","M","0000000000","67","56","64","53","45","40","71","57","41","31","71","58","46","35","60","53","59","41"
"200","2","0","202311","00000000","3","1","1000","1011","MAT0140","PL01","0","IR111","D","0000000000","87","69","43","37","74","54","41","37","43","35","59","50","64","54","52","38","58","42"
"200","1","0","202307","00000000","15","1","2000","1004","MAT0126","PL02","0","IR109","D","0000000000","71","57","53","40","76","56","80","63","79","58","40","30","42","38","99","79","66","34"
"200","2","0","202307","00000000","13","1","2000","1039","MAT0133","PL02","0","IR100","M","0000000000","96","81","99","78","67","51","83","71","76","59","85","69","95","71","97","78","89","12"
"200","2","0","202305","00000000","19","1","2000","1002","MAT0157","PL03","0","IR106","D","0000000000","48","35","82","67","84","63","54","40","44","38","80","64","47","34","47","36","60","40"
"200","1","0","202304","00000000","40","1","2000","1012","MAT0111","PL02","0","IR109","W","0000000000","75","62","94","71","71","52","52","39","48","33","73","59","42","30","70","52","66","34"
"200","1","0","202307","00000000","10","1","2000","1002","MAT0164","PL03","0","IR114","D","0000000000","89","66","52","38","89","71","53","41","86","65","60","48","42","35","76","58","67","34"
"200","1","0","202307","00000000","35","1","1000","1021","MAT0156","PL03","0","IR110","M","0000000000","41","31","95","79","68","51","44","32","93","77","55","44","78","57","73","54","68","32"
"200","1","0","202301","00000000","31","1","3000","1002","MAT0118","PL03","0","IR118","M","0000000000","97","72","46","37","83","70","54","39","40","30","64","56","40","27","76","64","62","38"
"200","1","0","202307","00000000","11","1","2000","1028","MAT0130","PL03","0","IR127","W","0000000000","83","63","71","58","79","66","56","44","62","47","80","61","69","54","70","61","71","29"
"200","2","0","202307","00000000","24","1","2000","1029","MAT0152","PL02","0","IR125","D","0000000000","85","73","96","76","74","57","94","76","54","44","65","53","48","40","93","76","77","23"
"200","2","0","202304","00000000","10","1","2000","1013","MAT0131","PL01","0","IR141","W","0000000000","53","47","85","72","52","41","76","62","52","44","100","81","95","76","86","73","75","25"
"200","2","0","202310","00000000","12","1","2000","1049","MAT0179","PL03","0","IR136","D","0000000000","66","57","43","35","52","44","53","43","61","45","75","62","96","71","50","38","63","38"
"200","1","0","202302","00000000","2","1","1000","1036","MAT0125","PL01","0","IR105","W","0000000000","49","41","66","52","60","52","69","59","55","47","95","81","87","64","48","43","67","34"
"200","1","0","202303","00000000","27","1","1000","1047","MAT0119","PL03","0","IR126","D","0000000000","53","46","59","49","93","76","44","35","63","47","79","62","98","77","60","44","68","32"
"200","2","0","202303","00000000","2","1","3000","1040","MAT0160","PL03","0","IR128","M","0000000000","84","64","57","47","84","63","94","70","97","74","55","45","47","39","82","66","74","26"
"200","2","0","202311","00000000","23","1","2000","1028","MAT0102","PL01","0","IR104","D","0000000000","97","82","71","57","49","38","81","61","80","64","40","33","99","83","42","28","73","27"
"200","1","0","202302","00000000","43","1","1000","1019","MAT0150","PL03","0","IR118","M","0000000000","85","72","86","64","70","53","73","58","66","57","89","67","66","54","92","75","78","22"
"200","1","0","202301","00000000","16","1","3000","1038","MAT0163","PL02","0","IR128","W","0000000000","41","31","79","61","97","80","77","60","66","55","50","35","63","52","94","75","70","30"
"200","2","0","202307","00000000","45","1","3000","1017","MAT0158","PL02","0","IR124","W","0000000000","82","69","45","31","61","52","75","55","42","32","48","39","95","74","99","81","70","30"
"200","1","0","202311","00000000","33","1","1000","1032","MAT0154","PL01","0","IR148","D","0000000000","66","55","85","66","61","50","48","37","100","79","62","45","86","70","56","49","71","29"
"200","2","0","202311","00000000","22","1","3000","1011","MAT0147","PL01","0","IR107","D","0000000000","44","31","49","34","76","55","91","72","55","48","89","67","45","33","95","80","66","34"
"200","1","0","202308","00000000","13","1","3000","1012","MAT0110","PL02","0","IR145","D","0000000000","51","45","45","34","85","66","100","75","45","32","40","33","67","53","90","77","65","35"
"200","1","0","202304","00000000","21","1","1000","1046","MAT0175","PL01","0","IR140","M","0000000000","95","73","95","74","43","33","68","51","51","43","72","61","40","30","45","32","66","34"
"200","1","0","202301","00000000","32","1","2000","1026","MAT0164","PL03","0","IR139","W","0000000000","80","62","58","49","53","37","67","58","56","49","92","72","62","48","87","66","69","31"
"200","2","0","202306","00000000","52","1","2000","1048","MAT0157","PL02","0","IR119","W","0000000000","40","32","87","74","83","70","45","41","60","44","77","65","89","70","98","78","71","29"
"200","2","0","202307","00000000","9","1","2000","1047","MAT0124","PL02","0","IR109","W","0000000000","54","45","77","61","50","41","42","35","84","69","62","51","66","49","69","52","62","38"
"200","1","0","202305","00000000","36","1","2000","1027","MAT0122","PL01","0","IR131","M","0000000000","49","41","77","58","100","79","51","40","53","40","46","31","41","34","65","53","59","41"
"200","2","0","202304","00000000","32","1","1000","1027","MAT0155","PL02","0","IR110","W","0000000000","100","76","94","75","50","42","71","60","82","64","43","31","62","47","46","39","71","29"
"200","2","0","202307","00000000","14","1","2000","1043","MAT0179","PL03","0","IR120","M","0000000000","67","53","79","60","47","37","78","66","48","40","73","54","58","41","61","50","65","35"
"200","2","0","202310","00000000","2","1","2000","1017","MAT0171","PL03","0","IR124","D","0000000000","61","48","76","65","90","76","61","46","84","71","52","45","97","75","48","36","72","28"
"200","2","0","202304","00000000","41","1","1000","1005","MAT0167","PL02","0","IR139","W","0000000000","71","52","69","57","78","63","97","75","97","76","100","77","86","68","57","40","82","18"
"200","2","0","202304","00000000","25","1","2000","1017","MAT0140","PL03","0","IR119","W","0000000000","71","61","60","46","78","66","96","80","74","55","52","40","92","68","91","70","77","23"
"200","2","0","202302","00000000","30","1","2000","1018","MAT0103","PL01","0","IR138","W","0000000000","41","29","81","66","81","69","88","71","66","55","45","33","63","54","69","57","67","33"
"200","2","0","202307","00000000","21","1","3000","1037","MAT0116","PL01","0","IR118","W","0000000000","60","48","41","29","47","37","43","35","95","79","60","43","75","65","70","57","60","40"
"200","1","0","202306","00000000","22","1","1000","1036","MAT0105","PL02","0","IR148","D","0000000000","96","72","72","53","43","31","86","65","85","64","85","71","48","35","71","54","74","26"
"200","1","0","202311","00000000","36","1","1000","1034","MAT0107","PL01","0","IR144","D","0000000000","73","54","66","50","81","66","90","69","65","48","84","66","49","37","75","58","72","28"
"200","2","0","202301","00000000","46","1","3000","1002","MAT0128","PL02","0","IR104","D","0000000000","88","70","54","44","100","85","49","44","95","77","48","33","72","60","60","47","70","30"
"200","2","0","202305","00000000","24","1","3000","1002","MAT0126","PL02","0","IR112","M","0000000000","54","43","77","64","71","53","40","33","62","47","84","64","45","39","77","56","62","38"
"200","1","0","202301","00000000","52","1","1000","1012","MAT0141","PL03","0","IR112","M","0000000000","97","79","56","48","65","57","47","42","81","67","58","47","68","52","41","29","65","35"
"200","1","0","202304","00000000","12","1","2000","1019","MAT0127","PL01","0","IR146","W","0000000000","96","81","77","59","92","77","59","46","63","48","69","58","43","29","81","63","72","28"
"200","1","0","202301","00000000","1","1","2000","1029","MAT0150","PL02","0","IR146","M","0000000000","78","61","88","75","50","38","98","74","71","60","70","52","75","55","78","57","78","22"
"200","1","0","202305","00000000","52","1","1000","1003","MAT0147","PL01","0","IR147","M","0000000000","53","41","81","65","52","46","67","48","87","68","96","71","63","46","44","34","68","33"
"200","1","0","202302","00000000","44","1","2000","1011","MAT0101","PL01","0","IR131","W","0000000000","47","40","45","35","86","67","55","39","69","59","95","78","96","72","77","58","69","31"
"200","1","0","202311","00000000","50","1","2000","1011","MAT0101","PL03","0","IR146","W","0000000000","47","40","45","35","86","67","55","39","69","59","95","78","96","72","77","58","69","31"
"200","1","0","202305","00000000","6","1","3000","1017","MAT0103","PL02","0","IR130","M","0000000000","82","60","57","50","95","71","52","45","55","45","84","70","68","56","91","70","71","29"
"200","1","0","202306","00000000","41","1","2000","1042","MAT0147","PL02","0","IR137","W","0000000000","75","62","81","60","78","62","78","61","58","51","59","47","83","65","46","35","72","28"
"200","2","0","202311","00000000","29","1","3000","1022","MAT0137","PL03","0","IR102","W","0000000000","49","40","92","73","83","67","88","66","96","80","71","55","83","63","74","59","79","21"
"200","1","0","202309","00000000","37","1","1000","1040","MAT0118","PL02","0","IR142","D","0000000000","78","66","61","45","74","57","80","65","93","70","87","70","50","36","94","78","75","25"
"200","1","0","202304","00000000","42","1","2000","1043","MAT0142","PL01","0","IR148","D","0000000000","71","57","47","40","60","53","86","69","93","72","91","76","63","50","75","61","72","28"
"200","1","0","202301","00000000","8","1","1000","1032","MAT0113","PL01","0","IR104","D","0000000000","71","57","49","38","98","76","44","38","84","72","100","76","59","45","55","39","67","33"
"200","2","0","202311","00000000","38","1","1000","1007","MAT0154","PL03","0","IR102","W","0000000000","100","80","62","50","82","65","65","50","40","31","84","68","78","66","59","51","72","28"
"200","2","0","202301","00000000","49","1","1000","1001","MAT0132","PL02","0","IR134","D","0000000000","84","63","70","57","95","80","91","76","64","51","88","75","74","61","89","66","82","19"
"200","1","0","202311","00000000","38","1","3000","1046","MAT0112","PL01","0","IR128","D","0000000000","69","55","64","50","87","72","61","50","55","42","78","66","70","57","42","29","66","34"
"200","2","0","202309","00000000","47","1","1000","1029","MAT0135","PL02","0","IR107","M","0000000000","40","33","86","72","67","51","87","73","95","73","55","48","55","39","60","49","68","32"
"200","1","0","202307","00000000","48","1","3000","1011","MAT0157","PL01","0","IR102","W","0000000000","58","42","94","80","50","37","42","29","58","44","78","64","61","50","67","51","64","37"
"200","2","0","202308","00000000","51","1","3000","1021","MAT0174","PL02","0","IR145","M","0000000000","94","71","71","52","54","40","85","65","68","51","91","76","84","71","100","75","81","19"
"200","2","0","202309","00000000","9","1","1000","1040","MAT0169","PL01","0","IR105","M","0000000000","46","37","66","48","70","52","42","29","57","44","67","58","75","60","84","69","62","38"
"200","1","0","202303","00000000","9","1","3000","1012","MAT0157","PL03","0","IR100","W","0000000000","82","70","74","56","63","54","75","61","56","40","70","59","44","30","90","70","69","31"
"200","2","0","202308","00000000","7","1","1000","1000","MAT0114","PL02","0","IR140","M","0000000000","73","55","82","65","57","43","77","63","73","56","40","30","59","52","96","78","70","30"
"200","2","0","202304","00000000","17","1","2000","1004","MAT0118","PL01","0","IR102","W","0000000000","82","67","48","41","94","71","72","61","49","36","95","74","88","75","44","36","72","28"
"200","1","0","202310","00000000","19","1","2000","1012","MAT0147","PL01","0","IR138","D","0000000000","65","49","68","56","78","66","93","77","95","77","54","48","87","74","98","75","80","21"
"200","1","0","202311","00000000","24","1","2000","1035","MAT0110","PL02","0","IR129","M","0000000000","48","42","88","65","45","38","58","49","68","58","73","58","62","50","54","45","62","38"
"200","1","0","202308","00000000","6","1","3000","1034","MAT0177","PL02","0","IR134","M","0000000000","60","49","98","82","59","50","94","80","100","84","70","60","72","62","71","60","79","21"
"200","1","0","202306","00000000","44","1","2000","1004","MAT0132","PL02","0","IR138","W","0000000000","80","62","57","45","99","79","57","43","95","80","58","44","78","62","72","56","73","27"
"200","1","0","202302","00000000","47","1","2000","1012","MAT0178","PL03","0","IR113","M","0000000000","96","81","90","77","48","38","91","75","89","74","84","67","58","44","52","43","78","23"
"200","1","0","202305","00000000","25","1","3000","1021","MAT0123","PL02","0","IR104","D","0000000000","96","75","81","68","91","74","71","59","63","50","55","41","65","51","70","60","75","25"
"200","2","0","202306","00000000","9","1","1000","1029","MAT0170","PL01","0","IR148","D","0000000000","77","56","92","74","57","50","72","59","76","64","66","48","52","43","57","46","70","31"
"200","1","0","202306","00000000","47","1","2000","1004","MAT0135","PL02","0","IR115","D","0000000000","46","41","75","61","74","57","57","40","48","43","90","76","46","31","99","74","65","35"
"200","1","0","202303","00000000","37","1","3000","1038","MAT0173","PL03","0","IR131","D","0000000000","88","65","57","48","99","83","75","60","62","47","93","71","55","45","49","37","72","28"
"200","1","0","202308","00000000","11","1","1000","1026","MAT0128","PL01","0","IR106","D","0000000000","68","51","77","62","57","45","91","71","95","73","40","30","88","70","91","68","77","23"
"200","2","0","202301","00000000","49","1","2000","1019","MAT0155","PL01","0","IR131","W","0000000000","77","57","95","72","78","63","94","77","64","53","68","51","53","43","54","47","74","26"
"200","1","0","202304","00000000","23","1","2000","1020","MAT0102","PL02","0","IR145","W","0000000000","71","56","72","54","79","59","64","55","93","79","68","55","78","59","53","43","72","28"
"200","1","0","202311","00000000","16","1","3000","1038","MAT0160","PL03","0","IR128","M","0000000000","72","57","49","35","43","37","68","59","46","33","91","67","97","75","93","76","70","30"
"200","2","0","202308","00000000","11","1","1000","1036","MAT0144","PL03","0","IR133","M","0000000000","63","51","64","47","41","33","71","55","67","53","86","66","68","53","98","78","69","31"
"200","2","0","202308","00000000","19","1","1000","1012","MAT0104","PL02","0","IR111","D","0000000000","64","48","63","46","43","38","88","73","54","38","45","35","85","64","98","81","69","31"
"200","1","0","202310","00000000","5","1","1000","1010","MAT0166","PL01","0","IR150","D","0000000000","44","32","54","42","95","79","45","38","79","64","43","31","76","58","81","59","63","37"
"200","1","0","202307","00000000","11","1","1000","1049","MAT0159","PL02","0","IR108","D","0000000000","75","57","88","68","63","45","86","68","51","37","49","38","74","62","99","74","75","25"
"200","1","0","202305","00000000","34","1","2000","1023","MAT0173","PL03","0","IR135","M","0000000000","90","70","57","42","69","60","55","48","69","50","51","36","85","69","47","34","67","33"
"200","1","0","202304","00000000","39","1","2000","1033","MAT0159","PL02","0","IR138","W","0000000000","81","65","100","79","73","61","62","50","90","69","78","65","76","62","85","65","81","20"
"200","1","0","202303","00000000","15","1","2000","1019","MAT0147","PL02","0","IR125","W","0000000000","41","37","60","45","71","58","52","45","88","67","41","37","53","41","67","54","58","42"
"200","2","0","202302","00000000","19","1","2000","1023","MAT0126","PL03","0","IR130","D","0000000000","69","60","48","34","66","51","43","34","55","39","100","80","49","41","97","78","63","37"
"200","2","0","202301","00000000","26","1","2000","1022","MAT0142","PL03","0","IR122","M","0000000000","52","44","59","46","99","74","72","52","50","43","40","30","46","41","49","42","58","42"
"200","1","0","202307","00000000","43","1","3000","1023","MAT0106","PL02","0","IR146","M","0000000000","91","73","73","61","77","56","47","42","96","79","68","58","88","73","71","52","76","24"
"200","1","0","202307","00000000","37","1","2000","1009","MAT0125","PL01","0","IR104","D","0000000000","45","35","79","58","64","48","57","43","65","53","54","47","42","31","42","34","56","44"
"200","1","0","202304","00000000","11","1","3000","1046","MAT0161","PL02","0","IR105","M","0000000000","54","46","45","34","56","49","89","76","58","44","85","64","45","32","62","51","61","39"
"200","2","0","202310","00000000","16","1","1000","1021","MAT0178","PL01","0","IR130","W","0000000000","86","68","63","55","94","80","70","56","56","47","76","57","75","65","75","65","74","26"
"200","2","0","202301","00000000","20","1","2000","1019","MAT0163","PL01","0","IR135","D","0000000000","61","49","43","33","76","60","73","59","97","77","73","55","77","58","72","52","70","30"
"200","2","0","202311","00000000","50","1","2000","1029","MAT0119","PL01","0","IR125","W","0000000000","99","80","46","37","84","71","74","59","72","56","63","46","66","50","87","66","73","27"
"200","1","0","202310","00000000","11","1","2000","1030","MAT0103","PL01","0","IR120","M","0000000000","61","50","100","81","63","54","47","35","59","48","55","45","71","54","96","75","69","31"
"200","1","0","202303","00000000","24","1","3000","1005","MAT0112","PL03","0","IR122","M","0000000000","45","38","45","32","90","77","87","66","40","27","49","34","74","61","67","50","62","38"
"200","2","0","202310","00000000","34","1","1000","1002","MAT0121","PL03","0","IR108","D","0000000000","97","81","59","42","61","46","46","33","42","34","77","63","45","32","42","32","59","41"
"200","2","0","202309","00000000","19","1","3000","1016","MAT0120","PL03","0","IR126","D","0000000000","81","63","89","66","84","68","72","57","46","41","71","53","78","64","54","45","74","27"
"200","2","0","202306","00000000","21","1","3000","1020","MAT0126","PL01","0","IR130","W","0000000000","55","48","69","51","49","36","85","64","49","41","42","30","45","33","43","30","56","44"
"200","1","0","202301","00000000","52","1","2000","1041","MAT0170","PL02","0","IR131","W","0000000000","86","73","77","56","59","47","99","76","85","69","53","40","97","77","70","52","81","20"
"200","2","0","202306","00000000","3","1","1000","1045","MAT0141","PL01","0","IR138","W","0000000000","68","54","48","42","92","70","60","43","87","66","85","67","67","54","82","61","71","29"
"200","1","0","202303","00000000","44","1","3000","1046","MAT0123","PL03","0","IR132","W","0000000000","66","56","42","33","89","71","40","27","80","60","63","52","85","71","61","46","64","36"
"200","2","0","202306","00000000","27","1","3000","1033","MAT0175","PL03","0","IR130","W","0000000000","79","58","99","81","79","67","52","44","67","52","89","74","100","82","86","63","82","18"
"200","1","0","202309","00000000","3","1","1000","1036","MAT0129","PL02","0","IR125","D","0000000000","99","84","60","43","93","72","77","66","54","47","68","53","56","45","59","46","71","29"
"200","2","0","202301","00000000","47","1","3000","1004","MAT0135","PL02","0","IR142","D","0000000000","46","41","75","61","74","57","57","40","48","43","90","76","46","31","99","74","65","35"
"200","2","0","202302","00000000","42","1","1000","1013","MAT0168","PL02","0","IR106","D","0000000000","82","66","75","63","58","46","89","68","47","40","94","80","55","42","99","74","75","25"
"200","1","0","202302","00000000","8","1","1000","1016","MAT0121","PL01","0","IR149","W","0000000000","82","63","58","43","82","65","56","40","66","51","50","39","97","80","67","56","71","30"
"200","2","0","202302","00000000","50","1","3000","1048","MAT0157","PL02","0","IR107","W","0000000000","40","32","87","74","83","70","45","41","60","44","77","65","89","70","98","78","71","29"
"200","2","0","202302","00000000","12","1","2000","1017","MAT0110","PL01","0","IR116","M","0000000000","99","75","49","41","80","68","41","28","80","60","77","58","95","75","46","35","71","29"
"200","1","0","202303","00000000","22","1","1000","1049","MAT0111","PL03","0","IR134","D","0000000000","65","54","72","59","87","69","57","49","84","62","99","75","96","78","63","55","77","23"
"200","1","0","202312","00000000","43","1","2000","1040","MAT0144","PL03","0","IR124","W","0000000000","41","35","61","49","94","73","64","48","90","70","88","74","67","58","46","38","67","33"
"200","1","0","202302","00000000","34","1","3000","1012","MAT0105","PL01","0","IR108","W","0000000000","42","33","68","59","52","41","40","33","76","55","62","49","41","34","82","61","56","44"
"200","2","0","202311","00000000","45","1","2000","1035","MAT0143","PL02","0","IR117","W","0000000000","47","35","79","62","91","75","42","34","90","71","93","69","80","60","60","43","71","29"
"200","1","0","202306","00000000","7","1","2000","1033","MAT0146","PL02","0","IR107","D","0000000000","44","34","71","56","59","44","87","65","59","44","66","55","41","36","41","36","59","41"
"200","2","0","202302","00000000","49","1","1000","1037","MAT0110","PL02","0","IR105","M","0000000000","54","46","43","30","57","48","59","51","93","77","88","69","75","63","88","75","67","33"
"200","1","0","202310","00000000","51","1","1000","1047","MAT0106","PL01","0","IR110","D","0000000000","48","40","44","30","46","38","100","80","100","81","77","64","40","28","46","35","62","38"
"200","2","0","202310","00000000","47","1","1000","1044","MAT0113","PL02","0","IR115","D","0000000000","80","61","91","77","41","35","70","54","53","43","86","63","85","73","48","41","72","28"
"200","2","0","202311","00000000","32","1","1000","1039","MAT0149","PL01","0","IR137","D","0000000000","52","42","92","77","73","57","58","45","62","47","48","42","65","48","77","62","66","34"
"200","1","0","202304","00000000","8","1","3000","1044","MAT0116","PL01","0","IR113","M","0000000000","76","57","51","35","92","71","81","62","77","56","47","33","82","70","55","45","71","29"
"200","2","0","202308","00000000","13","1","3000","1044","MAT0101","PL01","0","IR124","W","0000000000","66","57","46","32","61","48","53","42","68","55","49","40","49","44","86","71","59","42"
"200","1","0","202307","00000000","19","1","1000","1042","MAT0131","PL02","0","IR111","W","0000000000","71","57","71","58","100","77","57","40","67","48","43","36","56","47","40","31","63","37"
"200","1","0","202310","00000000","23","1","2000","1048","MAT0167","PL03","0","IR128","D","0000000000","66","53","90","74","54","46","48","43","91","72","67","48","66","54","98","75","72","29"
"200","2","0","202305","00000000","31","1","1000","1017","MAT0161","PL02","0","IR101","D","0000000000","65","56","42","28","84","69","85","72","56","49","57","47","80","66","43","31","65","35"
"200","2","0","202301","00000000","37","1","1000","1024","MAT0128","PL01","0","IR116","D","0000000000","100","80","75","63","72","56","81","60","99","78","49","44","47","40","57","44","73","27"
"200","1","0","202311","00000000","34","1","1000","1039","MAT0173","PL01","0","IR120","M","0000000000","65","52","94","75","98","83","44","34","45","35","50","44","61","53","54","44","64","36"
"200","1","0","202308","00000000","12","1","1000","1036","MAT0143","PL03","0","IR146","W","0000000000","69","50","73","59","89","75","84","66","87","64","92","77","100","81","67","48","82","18"
"200","1","0","202311","00000000","43","1","3000","1017","MAT0175","PL03","0","IR122","D","0000000000","43","29","62","49","72","56","44","31","59","52","69","51","68","58","42","37","57","43"
"200","1","0","202302","00000000","9","1","1000","1039","MAT0125","PL02","0","IR113","W","0000000000","96","74","55","47","60","48","42","35","94","73","61","49","62","52","70","51","67","33"
"200","2","0","202302","00000000","42","1","3000","1047","MAT0109","PL02","0","IR105","W","0000000000","46","34","83","64","75","60","68","50","85","63","48","37","54","38","87","73","67","33"
"200","2","0","202310","00000000","48","1","3000","1007","MAT0111","PL01","0","IR130","M","0000000000","70","61","82","70","48","39","97","80","78","63","74","59","92","68","40","35","75","25"
"200","1","0","202307","00000000","23","1","2000","1010","MAT0100","PL02","0","IR144","D","0000000000","99","79","93","70","71","52","92","76","53","46","90","70","66","56","96","75","84","17"
"200","1","0","202311","00000000","13","1","1000","1006","MAT0173","PL01","0","IR147","D","0000000000","72","57","53","45","49","39","82","61","70","55","54","47","94","73","46","37","67","33"
"200","2","0","202303","00000000","5","1","1000","1012","MAT0126","PL02","0","IR100","D","0000000000","52","45","48","35","58","41","69","51","43","32","82","65","68","59","54","42","59","41"
"200","2","0","202312","00000000","46","1","3000","1034","MAT0122","PL03","0","IR137","M","0000000000","83","64","93","70","97","74","66","53","46","32","45","37","88","68","50","37","73","27"
"200","2","0","202305","00000000","50","1","3000","1010","MAT0176","PL02","0","IR137","D","0000000000","74","61","82","64","76","60","53","41","68","58","67","51","51","35","79","61","68","32"
"200","1","0","202303","00000000","4","1","3000","1003","MAT0129","PL03","0","IR104","D","0000000000","87","70","84","72","74","63","100","77","94","70","47","40","75","57","70","59","80","20"
"200","1","0","202309","00000000","40","1","2000","1005","MAT0143","PL01","0","IR146","M","0000000000","73","55","74","54","45","37","56","46","56","42","61","45","75","58","48","43","63","37"
"200","1","0","202302","00000000","13","1","2000","1047","MAT0141","PL01","0","IR150","M","0000000000","69","50","50","35","83","71","57","40","94","70","61","44","41","32","42","30","61","39"
"200","1","0","202310","00000000","37","1","3000","1003","MAT0177","PL02","0","IR131","M","0000000000","41","35","86","73","49","38","62","48","60","47","64","48","83","62","47","40","63","37"
"200","2","0","202304","00000000","23","1","3000","1011","MAT0136","PL02","0","IR123","M","0000000000","72","60","79","64","90","74","42","28","60","43","64","55","70","51","42","28","65","35"
"200","2","0","202303","00000000","37","1","2000","1033","MAT0119","PL03","0","IR135","M","0000000000","65","51","64","54","76","58","47","37","55","44","66","57","49","34","91","72","63","37"
"200","1","0","202302","00000000","18","1","1000","1030","MAT0106","PL01","0","IR116","M","0000000000","66","54","53","46","55","44","66","47","78","66","94","80","79","66","75","57","70","30"
"200","1","0","202307","00000000","16","1","1000","1033","MAT0100","PL03","0","IR109","M","0000000000","56","46","80","66","86","66","56","47","94","73","81","65","51","38","75","63","70","30"
"200","2","0","202312","00000000","34","1","2000","1043","MAT0137","PL01","0","IR119","W","0000000000","86","67","50","41","73","57","76","57","81","59","82","63","82","66","86","65","76","24"
"200","2","0","202309","00000000","12","1","2000","1002","MAT0149","PL01","0","IR101","M","0000000000","58","46","100","79","80","59","64","48","50","41","62","47","100","85","88","70","76","24"
"200","1","0","202305","00000000","47","1","1000","1024","MAT0139","PL02","0","IR144","D","0000000000","66","55","90","75","57","40","95","74","58","42","72","57","76","58","92","76","77","23"
"200","1","0","202307","00000000","15","1","1000","1021","MAT0104","PL01","0","IR106","M","0000000000","58","44","83","64","80","64","43","32","94","78","58","45","55","48","53","42","64","36"
"200","1","0","202309","00000000","39","1","1000","1033","MAT0159","PL01","0","IR105","M","0000000000","81","65","100","79","73","61","62","50","90","69","78","65","76","62","85","65","81","20"
"200","1","0","202308","00000000","27","1","3000","1031","MAT0127","PL03","0","IR100","D","0000000000","48","33","65","48","81","60","60","52","54","46","42","35","96","76","66","53","65","35"
"200","2","0","202305","00000000","19","1","3000","1001","MAT0103","PL01","0","IR126","D","0000000000","77","65","46","39","61","43","89","69","66","53","47","37","75","62","48","43","65","35"
"200","2","0","202310","00000000","23","1","1000","1013","MAT0150","PL01","0","IR119","M","0000000000","44","37","74","64","64","50","52","37","70","53","46","32","61","53","76","63","60","40"
"200","2","0","202304","00000000","47","1","1000","1007","MAT0167","PL01","0","IR138","M","0000000000","80","62","89","72","76","63","58","48","46","36","74","54","58","50","54","40","68","32"
"200","1","0","202306","00000000","32","1","2000","1015","MAT0157","PL02","0","IR150","M","0000000000","57","40","61","47","61","45","66","55","44","38","45","37","56","39","99","79","61","39"
"200","1","0","202312","00000000","28","1","1000","1044","MAT0112","PL01","0","IR103","M","0000000000","68","55","71","54","55","41","45","36","75","59","88","68","40","37","84","63","64","36"
"200","1","0","202305","00000000","23","1","1000","1024","MAT0150","PL02","0","IR135","D","0000000000","96","73","78","67","45","38","92","69","95","76","88","68","41","28","64","48","75","25"
"200","1","0","202305","00000000","1","1","3000","1006","MAT0162","PL02","0","IR121","W","0000000000","80","61","94","79","71","54","67","56","88","69","75","59","81","59","97","73","81","19"
"200","2","0","202312","00000000","2","1","3000","1042","MAT0170","PL01","0","IR123","M","0000000000","87","74","97","77","73","62","48","34","66","47","42","29","53","47","54","43","66","34"
"200","2","0","202311","00000000","36","1","3000","1004","MAT0137","PL03","0","IR147","M","0000000000","58","50","76","57","51","41","99","83","41","36","85","72","68","59","56","45","69","32"
"200","1","0","202305","00000000","50","1","3000","1048","MAT0158","PL02","0","IR139","D","0000000000","45","40","96","77","73","63","58","50","49","37","74","56","90","72","63","54","69","31"
"200","2","0","202303","00000000","41","1","1000","1006","MAT0123","PL02","0","IR101","M","0000000000","93","75","89","72","91","76","92","76","54","38","58","47","89","75","49","34","80","20"
"200","1","0","202311","00000000","49","1","1000","1047","MAT0127","PL02","0","IR122","W","0000000000","59","47","75","65","100","85","86","72","54","43","73","63","78","60","54","46","73","27"
"200","2","0","202306","00000000","36","1","1000","1009","MAT0172","PL02","0","IR148","W","0000000000","80","63","71","59","46","32","91","74","40","28","49","41","89","71","95","73","73","27"
"200","2","0","202302","00000000","44","1","1000","1009","MAT0155","PL01","0","IR120","M","0000000000","82","65","57","46","45","41","90","68","75","58","64","46","76","63","64","53","71","30"
"200","2","0","202304","00000000","1","1","3000","1007","MAT0132","PL03","0","IR138","W","0000000000","93","78","52","40","89","74","57","44","65","57","74","54","49","34","55","41","66","34"
"200","1","0","202310","00000000","18","1","1000","1003","MAT0114","PL02","0","IR138","D","0000000000","93","72","88","74","64","51","72","52","52","36","44","31","45","37","82","68","69","31"
"200","2","0","202303","00000000","41","1","3000","1003","MAT0158","PL01","0","IR128","M","0000000000","48","43","72","56","66","47","69","56","76","59","43","29","75","58","69","59","65","35"
"200","2","0","202303","00000000","26","1","2000","1009","MAT0106","PL03","0","IR138","D","0000000000","86","70","63","52","54","45","80","68","57","44","57","46","41","29","97","72","67","33"
"200","2","0","202309","00000000","35","1","2000","1035","MAT0111","PL01","0","IR112","D","0000000000","87","70","95","71","71","53","86","72","80","68","92","69","70","55","99","74","85","15"
"200","1","0","202311","00000000","6","1","3000","1005","MAT0116","PL01","0","IR124","D","0000000000","99","80","60","44","62","51","85","71","99","75","50","42","52","36","62","47","72","28"
"200","2","0","202305","00000000","38","1","1000","1027","MAT0130","PL03","0","IR137","W","0000000000","92","77","72","57","82","66","60","44","48","36","69","53","71","58","74","55","72","29"
"200","1","0","202303","00000000","48","1","2000","1025","MAT0137","PL03","0","IR110","D","0000000000","72","55","42","35","92","71","46","41","67","52","57","41","58","47","43","36","59","41"
"200","2","0","202310","00000000","12","1","1000","1010","MAT0111","PL03","0","IR116","M","0000000000","75","59","56","44","94","78","88","67","42","34","45","41","47","32","72","55","65","35"
"200","2","0","202312","00000000","32","1","3000","1036","MAT0169","PL03","0","IR128","D","0000000000","88","65","82","62","56","40","75","60","73","58","92","75","58","44","84","64","76","24"
"200","2","0","202312","00000000","35","1","3000","1014","MAT0169","PL03","0","IR125","M","0000000000","55","44","96","77","47","32","94","75","72","55","51","44","74","61","83","61","73","27"
"200","1","0","202303","00000000","41","1","2000","1030","MAT0107","PL02","0","IR110","D","0000000000","65","49","95","71","100","80","71","51","55","45","97","80","65","49","73","54","77","23"
"200","1","0","202310","00000000","21","1","3000","1042","MAT0146","PL02","0","IR148","M","0000000000","40","31","89","72","61","52","74","56","68","50","99","82","46","41","83","63","69","32"
"200","1","0","202311","00000000","35","1","2000","1037","MAT0168","PL03","0","IR145","M","0000000000","89","70","83","69","57","40","55","41","67","50","79","58","78","62","74","54","74","27"
"200","2","0","202301","00000000","42","1","2000","1018","MAT0116","PL01","0","IR111","D","0000000000","59","50","96","81","78","58","61","53","94","71","87","68","79","63","72","59","77","23"
"200","2","0","202308","00000000","35","1","2000","1028","MAT0149","PL02","0","IR109","M","0000000000","70","60","52","43","74","58","89","72","82","61","51","44","41","28","99","84","68","32"
"200","1","0","202303","00000000","34","1","3000","1032","MAT0163","PL01","0","IR147","D","0000000000","99","82","61","49","96","73","69","54","48","34","45","36","60","43","85","65","71","29"
"200","2","0","202311","00000000","37","1","1000","1020","MAT0167","PL01","0","IR107","D","0000000000","40","32","65","47","81","63","51","35","83","71","80","64","90","73","55","45","67","33"
"200","1","0","202311","00000000","41","1","1000","1011","MAT0143","PL03","0","IR147","M","0000000000","94","77","63","54","57","46","56","42","51","37","99","79","73","62","65","51","70","30"
"200","2","0","202303","00000000","49","1","2000","1025","MAT0128","PL03","0","IR111","W","0000000000","95","72","100","80","52","42","74","56","97","76","99","75","76","65","99","84","87","14"
"200","2","0","202310","00000000","45","1","1000","1036","MAT0121","PL02","0","IR138","M","0000000000","56","41","46","36","78","59","60","53","80","64","84","72","64","53","83","62","66","34"
"200","2","0","202308","00000000","44","1","2000","1014","MAT0164","PL02","0","IR100","D","0000000000","46","41","75","62","85","71","65","51","63","51","63","53","41","32","100","75","65","35"
"200","2","0","202310","00000000","18","1","1000","1039","MAT0115","PL01","0","IR113","W","0000000000","96","72","83","68","97","81","72","59","92","70","76","55","44","33","99","82","81","19"
"200","1","0","202307","00000000","21","1","1000","1020","MAT0137","PL01","0","IR117","D","0000000000","69","52","46","36","60","52","92","71","60","49","52","43","46","39","53","38","61","40"
"200","2","0","202309","00000000","39","1","3000","1041","MAT0113","PL01","0","IR100","W","0000000000","58","43","100","82","89","72","90","76","45","39","42","29","89","75","62","52","74","26"
"200","2","0","202308","00000000","29","1","2000","1015","MAT0165","PL02","0","IR108","W","0000000000","73","55","75","60","94","78","89","72","62","50","65","47","50","40","96","80","75","25"
"200","1","0","202305","00000000","8","1","1000","1032","MAT0143","PL03","0","IR121","D","0000000000","87","73","97","78","82","65","57","45","74","63","80","63","61","45","86","71","78","23"
"200","2","0","202302","00000000","1","1","2000","1000","MAT0105","PL02","0","IR102","M","0000000000","42","38","49","37","91","68","59","45","63","47","80","69","54","39","77","61","62","38"
"200","1","0","202308","00000000","45","1","1000","1040","MAT0154","PL02","0","IR140","W","0000000000","75","63","87","72","51","44","83","67","46","37","58","50","59","51","58","48","67","33"
"200","1","0","202312","00000000","13","1","1000","1041","MAT0152","PL01","0","IR138","D","0000000000","49","36","87","69","40","31","48","36","63","46","94","78","72","55","87","66","67","33"
"200","2","0","202306","00000000","35","1","1000","1040","MAT0139","PL02","0","IR133","M","0000000000","79","66","45","34","43","35","64","50","87","71","40","29","96","74","45","39","64","36"
"200","1","0","202306","00000000","40","1","1000","1029","MAT0122","PL03","0","IR147","W","0000000000","90","72","51","43","97","82","62","48","70","58","69","52","60","49","56","41","69","31"
"200","1","0","202304","00000000","51","1","3000","1035","MAT0130","PL03","0","IR136","M","0000000000","86","70","46","32","65","57","43","36","75","57","95","72","51","42","85","73","66","34"
"200","2","0","202304","00000000","36","1","1000","1001","MAT0141","PL01","0","IR120","M","0000000000","51","41","51","37","49","35","76","61","76","60","98","83","79","67","53","38","66","34"
"200","1","0","202307","00000000","16","1","1000","1015","MAT0173","PL03","0","IR116","W","0000000000","94","74","97","78","74","55","53","44","60","53","75","62","100","82","59","45","78","22"
"200","1","0","202301","00000000","16","1","3000","1049","MAT0163","PL03","0","IR148","M","0000000000","79","67","85","70","86","63","47","34","51","44","97","74","68","56","78","58","73","27"
"200","1","0","202306","00000000","47","1","3000","1007","MAT0127","PL01","0","IR112","D","0000000000","71","59","85","71","97","75","92","70","60","45","48","33","77","66","100","76","79","21"
"200","2","0","202303","00000000","41","1","3000","1016","MAT0170","PL02","0","IR148","D","0000000000","71","59","78","65","91","76","100","82","83","66","96","81","69","53","73","58","82","18"
"200","1","0","202301","00000000","10","1","3000","1017","MAT0138","PL03","0","IR149","M","0000000000","55","48","99","79","64","47","81","66","45","32","92","73","76","57","94","73","76","24"
"200","2","0","202302","00000000","44","1","3000","1022","MAT0103","PL02","0","IR138","D","0000000000","45","39","59","45","52","36","70","60","57","43","81","59","95","80","87","70","68","32"
"200","1","0","202302","00000000","25","1","2000","1003","MAT0119","PL01","0","IR111","D","0000000000","86","70","49","40","47","39","53","47","50","37","47","32","95","72","83","70","65","35"
"200","1","0","202307","00000000","22","1","1000","1046","MAT0104","PL03","0","IR142","D","0000000000","68","56","48","36","86","66","61","52","82","63","87","64","99","78","73","62","74","26"
"200","1","0","202306","00000000","1","1","3000","1042","MAT0138","PL03","0","IR108","D","0000000000","89","67","73","54","46","35","49","34","88","73","90","77","58","47","51","45","68","32"
"200","2","0","202303","00000000","45","1","3000","1024","MAT0116","PL02","0","IR149","D","0000000000","41","32","93","75","92","69","77","66","52","36","84","65","94","80","63","54","75","25"
"200","1","0","202301","00000000","31","1","1000","1007","MAT0118","PL02","0","IR123","M","0000000000","57","45","52","42","67","52","99","76","62","47","75","55","60","47","74","55","68","32"
"200","1","0","202305","00000000","42","1","1000","1014","MAT0171","PL02","0","IR116","D","0000000000","71","52","57","46","43","35","50","44","78","57","79","64","43","32","68","51","60","40"
"200","2","0","202306","00000000","51","1","2000","1041","MAT0100","PL03","0","IR123","W","0000000000","54","39","84","62","85","72","95","76","58","47","42","35","55","48","43","39","66","34"
"200","1","0","202309","00000000","50","1","1000","1049","MAT0144","PL03","0","IR102","D","0000000000","63","52","58","42","67","50","93","73","51","42","100","81","55","39","56","40","68","32"
"200","1","0","202312","00000000","24","1","2000","1047","MAT0152","PL01","0","IR137","D","0000000000","75","56","54","45","46","33","68","55","65","55","57","40","88","73","100","75","70","30"
"200","2","0","202309","00000000","32","1","2000","1021","MAT0107","PL01","0","IR111","D","0000000000","69","53","45","31","52","43","72","55","42","33","66","48","68","49","46","35","59","41"
"200","1","0","202302","00000000","1","1","2000","1001","MAT0102","PL01","0","IR149","D","0000000000","76","60","67","55","51","41","62","50","74","63","95","75","73","60","83","61","72","28"
"200","2","0","202301","00000000","4","1","2000","1010","MAT0156","PL02","0","IR127","D","0000000000","99","76","56","40","93","74","67","57","96","72","65","55","67","51","92","70","78","22"
"200","2","0","202310","00000000","35","1","3000","1040","MAT0175","PL01","0","IR136","M","0000000000","41","34","88","75","44","37","90","68","47","36","43","29","68","49","77","66","64","36"
"200","2","0","202311","00000000","39","1","2000","1044","MAT0134","PL02","0","IR133","W","0000000000","76","57","40","27","60","47","55","48","82","69","85","71","44","30","60","52","61","39"
"200","1","0","202304","00000000","19","1","1000","1041","MAT0108","PL02","0","IR136","W","0000000000","52","42","69","59","77","64","68","53","83","62","47","38","92","74","66","48","69","31"
"200","1","0","202312","00000000","17","1","1000","1011","MAT0141","PL02","0","IR108","D","0000000000","67","57","51","39","53","46","87","73","84","63","72","61","82","67","77","56","72","28"
"200","2","0","202302","00000000","35","1","1000","1003","MAT0165","PL01","0","IR143","M","0000000000","69","56","92","68","97","74","74","64","94","80","50","45","46","31","45","41","71","29"
"200","2","0","202311","00000000","2","1","1000","1032","MAT0176","PL03","0","IR116","W","0000000000","72","53","96","72","89","73","77","56","68","57","97","80","49","44","97","81","79","21"
"200","1","0","202301","00000000","2","1","2000","1010","MAT0115","PL03","0","IR126","W","0000000000","68","52","100","84","96","78","96","79","62","49","73","60","72","52","87","72","82","18"
"200","1","0","202304","00000000","37","1","1000","1042","MAT0111","PL02","0","IR125","D","0000000000","46","37","67","52","85","66","41","31","50","45","99","81","99","84","60","44","67","33"
"200","2","0","202310","00000000","31","1","3000","1005","MAT0120","PL03","0","IR117","D","0000000000","72","54","97","81","71","61","83","67","92","76","77","64","57","42","90","74","79","21"
"200","2","0","202305","00000000","52","1","3000","1014","MAT0115","PL03","0","IR114","W","0000000000","56","44","97","78","90","67","45","38","90","75","77","66","67","51","47","34","70","30"
"200","2","0","202312","00000000","19","1","3000","1022","MAT0113","PL02","0","IR134","D","0000000000","89","76","99","84","69","56","77","58","91","71","94","80","91","67","82","69","87","13"
"200","2","0","202310","00000000","16","1","3000","1039","MAT0154","PL02","0","IR134","M","0000000000","41","27","57","42","68","57","72","57","59","43","49","40","44","32","68","51","57","44"
"200","2","0","202303","00000000","34","1","2000","1032","MAT0173","PL03","0","IR104","W","0000000000","90","75","89","69","54","47","57","40","74","60","65","49","74","58","84","68","74","26"
"200","1","0","202304","00000000","31","1","3000","1004","MAT0111","PL02","0","IR121","D","0000000000","59","45","44","35","53","47","93","78","47","42","77","58","97","75","88","71","71","30"
"200","1","0","202310","00000000","28","1","2000","1016","MAT0141","PL03","0","IR112","M","0000000000","75","55","72","54","46","36","65","51","61","47","89","73","93","71","84","66","74","26"
"200","1","0","202309","00000000","47","1","1000","1001","MAT0172","PL02","0","IR135","D","0000000000","66","48","65","55","94","72","44","34","70","60","88","73","87","73","70","59","72","29"
"200","2","0","202310","00000000","35","1","3000","1005","MAT0156","PL01","0","IR137","W","0000000000","57","45","66","56","73","55","94","76","46","41","90","73","54","42","93","77","71","29"
"200","1","0","202302","00000000","9","1","3000","1035","MAT0156","PL03","0","IR111","D","0000000000","59","43","99","79","72","57","64","55","76","59","59","47","84","72","97","72","76","24"
"200","2","0","202304","00000000","21","1","1000","1030","MAT0146","PL02","0","IR141","D","0000000000","55","40","84","63","99","81","64","47","96","77","84","72","42","28","62","47","71","29"
"200","2","0","202303","00000000","19","1","2000","1037","MAT0133","PL02","0","IR117","M","0000000000","60","43","63","54","78","67","43","39","64","55","71","55","40","29","43","33","57","44"
"200","2","0","202307","00000000","21","1","2000","1027","MAT0155","PL02","0","IR100","W","0000000000","100","76","94","75","50","42","71","60","82","64","43","31","62","47","46","39","71","29"
"200","1","0","202304","00000000","51","1","2000","1023","MAT0162","PL02","0","IR124","D","0000000000","88","69","68","54","61","46","74","57","97","80","41","36","76","55","68","55","73","27"
"200","1","0","202303","00000000","12","1","1000","1049","MAT0153","PL02","0","IR148","W","0000000000","61","52","84","71","58","46","43","32","46","31","65","47","80","69","61","49","63","37"
"200","2","0","202309","00000000","34","1","3000","1044","MAT0160","PL02","0","IR100","M","0000000000","59","42","65","48","48","34","88","67","60","47","79","59","44","31","64","51","64","37"
"200","2","0","202303","00000000","27","1","2000","1030","MAT0175","PL01","0","IR127","D","0000000000","73","54","65","49","70","60","85","72","71","56","75","62","48","33","52","40","68","33"
"200","1","0","202308","00000000","23","1","3000","1007","MAT0121","PL01","0","IR116","M","0000000000","43","36","53","42","73","56","56","45","54","43","87","73","88","71","96","79","67","33"
"200","2","0","202311","00000000","19","1","3000","1008","MAT0115","PL02","0","IR147","D","0000000000","82","64","75","60","84","66","88","65","54","38","72","62","60","49","96","75","76","24"
"200","2","0","202304","00000000","43","1","2000","1004","MAT0114","PL03","0","IR143","M","0000000000","48","41","100","84","52","43","49","44","99","83","85","64","68","56","58","48","69","31"
"200","1","0","202309","00000000","25","1","3000","1010","MAT0103","PL01","0","IR130","W","0000000000","76","56","80","69","90","75","89","67","85","66","59","51","75","63","81","68","80","21"
"200","1","0","202306","00000000","35","1","3000","1041","MAT0169","PL01","0","IR139","D","0000000000","43","29","91","71","94","75","44","40","78","60","90","67","64","52","55","48","68","32"
"200","1","0","202307","00000000","12","1","2000","1014","MAT0139","PL02","0","IR142","W","0000000000","40","28","42","36","94","71","98","79","95","78","84","69","90","75","80","63","76","24"
"200","1","0","202311","00000000","42","1","3000","1027","MAT0106","PL03","0","IR115","M","0000000000","92","69","74","61","53","46","92","77","74","57","96","78","63","53","84","63","79","21"
"200","1","0","202312","00000000","4","1","2000","1009","MAT0168","PL02","0","IR137","M","0000000000","69","56","72","61","72","61","82","69","56","45","95","80","74","62","87","72","76","25"
"200","1","0","202304","00000000","36","1","3000","1030","MAT0113","PL01","0","IR128","D","0000000000","57","40","93","70","68","58","83","69","48","39","56","43","64","48","54","42","67","33"
"200","1","0","202312","00000000","36","1","1000","1015","MAT0172","PL01","0","IR107","D","0000000000","90","67","46","37","49","36","47","41","81","62","82","62","75","63","71","59","67","33"
"200","2","0","202312","00000000","8","1","1000","1011","MAT0129","PL03","0","IR118","D","0000000000","51","42","96","77","40","33","41","28","44","30","84","62","73","61","64","56","62","38"
"200","2","0","202305","00000000","51","1","3000","1005","MAT0136","PL03","0","IR112","W","0000000000","43","34","98","83","86","66","55","49","97","73","75","64","58","49","99","74","74","26"
"200","2","0","202308","00000000","5","1","2000","1037","MAT0140","PL01","0","IR102","W","0000000000","93","69","83","68","90","73","46","33","42","28","40","32","52","40","86","68","67","33"
"200","2","0","202302","00000000","40","1","3000","1024","MAT0154","PL02","0","IR130","D","0000000000","57","45","45","35","44","31","40","28","97","75","81","63","65","47","98","80","63","37"
"200","2","0","202303","00000000","39","1","2000","1000","MAT0147","PL01","0","IR114","M","0000000000","89","70","75","63","88","67","52","42","67","56","66","56","75","64","52","45","71","29"
"200","2","0","202303","00000000","30","1","1000","1035","MAT0166","PL03","0","IR124","D","0000000000","97","82","80","66","76","64","47","33","70","56","73","53","83","66","82","69","76","24"
"200","1","0","202305","00000000","36","1","1000","1015","MAT0116","PL03","0","IR108","D","0000000000","41","32","100","82","45","41","48","41","67","57","96","79","84","64","88","71","71","30"
"200","1","0","202309","00000000","52","1","3000","1021","MAT0165","PL03","0","IR117","D","0000000000","60","53","47","34","69","57","71","55","69","56","58","50","85","65","45","32","64","37"
"200","1","0","202307","00000000","12","1","1000","1037","MAT0151","PL01","0","IR130","W","0000000000","74","54","72","57","99","82","98","82","95","81","84","63","66","48","74","57","82","18"
"200","2","0","202308","00000000","3","1","2000","1004","MAT0157","PL02","0","IR108","D","0000000000","43","34","91","71","85","65","96","72","98","81","96","76","56","49","86","67","79","21"
"200","1","0","202308","00000000","14","1","1000","1008","MAT0146","PL02","0","IR111","M","0000000000","71","51","93","70","40","37","85","69","76","58","41","32","100","81","86","67","77","23"
"200","1","0","202302","00000000","27","1","1000","1039","MAT0141","PL02","0","IR150","W","0000000000","96","78","86","71","96","81","90","75","57","42","40","29","43","33","45","38","71","29"
"200","2","0","202302","00000000","43","1","1000","1004","MAT0107","PL02","0","IR127","D","0000000000","90","67","62","45","100","76","75","64","81","64","84","62","88","74","100","77","84","16"
"200","2","0","202311","00000000","1","1","2000","1047","MAT0146","PL02","0","IR141","D","0000000000","54","47","100","77","92","71","95","71","90","67","68","56","43","30","92","74","78","22"
"200","2","0","202306","00000000","39","1","2000","1019","MAT0171","PL02","0","IR149","D","0000000000","85","72","60","51","84","69","58","47","54","47","91","75","81","68","49","37","70","30"
"200","1","0","202303","00000000","50","1","3000","1046","MAT0111","PL03","0","IR125","D","0000000000","79","62","90","75","86","64","72","55","99","75","49","34","70","55","52","41","75","25"
"200","1","0","202307","00000000","18","1","3000","1004","MAT0159","PL02","0","IR147","W","0000000000","97","79","58","45","53","45","96","74","90","72","90","69","86","69","63","53","80","20"
"200","2","0","202307","00000000","35","1","1000","1037","MAT0170","PL02","0","IR103","W","0000000000","54","41","85","71","56","43","97","74","59","47","99","77","74","60","72","62","75","25"
"200","2","0","202306","00000000","3","1","2000","1045","MAT0106","PL03","0","IR119","M","0000000000","65","53","63","47","68","52","79","67","61","45","62","44","45","40","63","45","63","37"
"200","2","0","202312","00000000","44","1","2000","1038","MAT0113","PL01","0","IR144","D","0000000000","96","79","54","44","46","32","100","84","45","41","46","31","69","52","89","71","71","30"
"200","1","0","202308","00000000","51","1","3000","1001","MAT0151","PL02","0","IR100","D","0000000000","85","67","79","59","63","55","98","75","54","38","60","44","92","78","98","75","81","19"
"200","1","0","202306","00000000","22","1","1000","1044","MAT0106","PL03","0","IR122","M","0000000000","93","70","80","65","91","71","73","60","81","59","82","69","85","63","82","60","83","17"
"200","2","0","202311","00000000","22","1","1000","1037","MAT0133","PL02","0","IR102","W","0000000000","60","43","63","54","78","67","43","39","64","55","71","55","40","29","43","33","57","44"
"200","1","0","202301","00000000","19","1","3000","1028","MAT0124","PL03","0","IR119","M","0000000000","94","79","48","43","69","55","78","67","75","55","43","32","99","84","62","45","73","27"
"200","2","0","202311","00000000","7","1","1000","1044","MAT0174","PL03","0","IR139","M","0000000000","47","35","40","33","57","40","62","52","48","42","100","79","42","29","96","72","59","41"
"200","2","0","202310","00000000","1","1","3000","1022","MAT0144","PL01","0","IR136","W","0000000000","88","67","88","65","55","44","98","79","63","46","83","61","76","55","61","49","79","21"
"200","1","0","202310","00000000","19","1","2000","1004","MAT0169","PL03","0","IR123","D","0000000000","64","49","85","70","68","57","70","55","56","49","42","30","89","69","84","72","71","29"
"200","1","0","202307","00000000","17","1","1000","1025","MAT0162","PL02","0","IR118","D","0000000000","69","50","64","49","88","67","94","80","94","75","50","35","61","44","60","50","72","28"
"200","1","0","202310","00000000","42","1","2000","1016","MAT0123","PL03","0","IR122","D","0000000000","77","58","43","32","80","62","51","39","82","65","100","76","76","56","84","62","72","28"
"200","1","0","202305","00000000","22","1","2000","1048","MAT0169","PL02","0","IR135","M","0000000000","75","56","98","74","66","53","72","58","56","46","55","42","40","29","49","43","65","35"
"200","1","0","202312","00000000","30","1","2000","1036","MAT0123","PL02","0","IR111","D","0000000000","45","33","50","41","77","56","87","67","77","59","89","72","67","58","59","44","68","33"
"200","1","0","202302","00000000","51","1","3000","1029","MAT0103","PL03","0","IR110","D","0000000000","84","67","78","59","48","36","40","35","98","73","68","51","47","35","45","37","63","37"
"200","2","0","202306","00000000","36","1","1000","1007","MAT0166","PL03","0","IR120","M","0000000000","76","56","98","79","71","52","86","64","40","35","83","67","63","48","76","63","76","25"
"200","1","0","202312","00000000","7","1","2000","1044","MAT0160","PL03","0","IR102","M","0000000000","59","42","65","48","48","34","88","67","60","47","79","59","44","31","64","51","64","37"
"200","2","0","202303","00000000","33","1","2000","1049","MAT0143","PL02","0","IR103","M","0000000000","98","76","55","40","70","59","74","60","88","74","91","69","84","70","78","66","79","21"
"200","1","0","202301","00000000","6","1","2000","1008","MAT0121","PL02","0","IR117","M","0000000000","86","66","88","74","70","55","50","43","40","29","43","39","51","38","75","57","64","36"
"200","1","0","202302","00000000","24","1","3000","1008","MAT0167","PL03","0","IR112","M","0000000000","84","72","100","75","59","46","70","52","66","49","86","63","61","53","68","49","75","25"
"200","1","0","202304","00000000","46","1","1000","1008","MAT0101","PL01","0","IR132","D","0000000000","48","35","42","31","80","61","53","39","43","36","57","47","99","79","85","65","63","37"
"200","1","0","202310","00000000","15","1","1000","1003","MAT0152","PL01","0","IR101","M","0000000000","56","48","65","50","52","43","40","34","83","68","92","73","43","35","62","53","60","41"
"200","1","0","202305","00000000","48","1","3000","1005","MAT0153","PL02","0","IR139","W","0000000000","83","67","96","80","92","68","83","63","87","73","44","38","70","54","59","43","78","22"
"200","1","0","202304","00000000","27","1","2000","1009","MAT0172","PL01","0","IR103","W","0000000000","80","63","71","59","46","32","91","74","40","28","49","41","89","71","95","73","73","27"
"200","2","0","202306","00000000","20","1","3000","1023","MAT0153","PL02","0","IR119","M","0000000000","93","75","98","76","65","53","69","52","88","66","96","80","97","80","42","34","83","17"
"200","1","0","202311","00000000","39","1","1000","1027","MAT0150","PL03","0","IR136","W","0000000000","51","42","85","72","78","62","97","76","77","61","80","62","93","79","84","70","81","19"
"200","2","0","202311","00000000","48","1","2000","1019","MAT0177","PL03","0","IR144","W","0000000000","64","48","50","41","69","51","52","37","48","37","94","72","50","39","64","49","60","40"
"200","1","0","202309","00000000","32","1","3000","1009","MAT0112","PL03","0","IR106","M","0000000000","45","34","82","68","62","44","91","73","74","62","66","53","88","73","77","66","74","26"
"200","1","0","202303","00000000","19","1","2000","1009","MAT0130","PL01","0","IR142","D","0000000000","86","72","59","52","98","79","92","72","85","66","45","34","82","68","78","62","79","22"
"200","1","0","202306","00000000","18","1","2000","1015","MAT0128","PL02","0","IR124","M","0000000000","55","42","56","40","100","76","52","41","100","85","92","76","42","35","91","73","69","31"
"200","2","0","202305","00000000","25","1","3000","1017","MAT0163","PL03","0","IR124","D","0000000000","61","47","90","77","69","55","65","50","77","61","85","66","97","78","86","68","79","21"
"200","1","0","202307","00000000","10","1","2000","1017","MAT0116","PL02","0","IR124","W","0000000000","45","31","51","44","61","48","58","50","63","49","41","35","74","55","84","67","59","41"
"200","1","0","202305","00000000","43","1","2000","1028","MAT0123","PL03","0","IR137","D","0000000000","47","34","94","73","99","79","55","48","40","28","69","54","95","73","57","46","70","30"
"200","1","0","202311","00000000","2","1","3000","1010","MAT0153","PL03","0","IR146","D","0000000000","92","68","47","39","59","51","89","72","60","46","96","81","59","49","53","40","70","30"
"200","2","0","202312","00000000","28","1","3000","1022","MAT0121","PL02","0","IR117","M","0000000000","49","35","99","82","47","36","45","36","63","47","86","66","75","60","68","59","67","33"
"200","2","0","202308","00000000","37","1","2000","1031","MAT0106","PL02","0","IR120","W","0000000000","47","42","71","51","52","44","81","65","50","40","95","73","81","62","99","81","72","28"
"200","2","0","202311","00000000","43","1","1000","1029","MAT0100","PL01","0","IR109","W","0000000000","47","42","57","45","98","75","43","36","81","67","92","69","42","28","99","79","65","35"
"200","1","0","202304","00000000","26","1","3000","1046","MAT0116","PL03","0","IR105","W","0000000000","44","33","59","43","51","41","60","43","69","59","82","64","94","73","100","84","69","31"
"200","2","0","202304","00000000","9","1","3000","1012","MAT0115","PL02","0","IR122","M","0000000000","52","42","64","48","79","58","62","53","62","54","85","65","49","43","73","63","64","36"
"200","1","0","202303","00000000","45","1","2000","1015","MAT0118","PL01","0","IR139","D","0000000000","81","60","84","68","40","30","97","74","88","73","95","78","89","66","96","79","85","16"
"200","2","0","202301","00000000","26","1","1000","1038","MAT0122","PL01","0","IR129","D","0000000000","40","30","58","46","63","48","94","72","70","54","84","68","84","68","93","70","72","28"
"200","2","0","202302","00000000","42","1","3000","1024","MAT0177","PL01","0","IR143","M","0000000000","71","54","90","73","47","32","88","66","72","52","91","74","50","36","93","71","75","25"
"200","2","0","202303","00000000","14","1","1000","1045","MAT0111","PL03","0","IR109","D","0000000000","94","74","71","59","82","64","90","73","93","76","80","62","67","53","99","81","84","16"
"200","2","0","202301","00000000","12","1","3000","1001","MAT0113","PL02","0","IR123","M","0000000000","88","74","78","59","58","51","56","49","49","44","62","46","75","57","82","65","70","30"
"200","1","0","202308","00000000","21","1","1000","1015","MAT0161","PL03","0","IR149","D","0000000000","95","71","91","71","55","45","44","40","94","77","81","63","47","33","74","57","72","28"
"200","2","0","202311","00000000","25","1","1000","1020","MAT0119","PL02","0","IR117","W","0000000000","40","33","96","81","82","60","44","38","54","42","89","76","64","52","51","38","64","36"
"200","2","0","202306","00000000","18","1","1000","1020","MAT0132","PL03","0","IR105","M","0000000000","76","60","44","31","91","73","51","39","99","75","80","60","82","69","44","40","69","31"
"200","2","0","202308","00000000","32","1","2000","1037","MAT0127","PL01","0","IR130","D","0000000000","92","77","95","71","54","42","61","45","89","68","49","42","90","71","97","74","80","20"
"200","2","0","202303","00000000","1","1","1000","1016","MAT0121","PL03","0","IR131","D","0000000000","82","63","58","43","82","65","56","40","66","51","50","39","97","80","67","56","71","30"
"200","1","0","202305","00000000","13","1","3000","1042","MAT0111","PL01","0","IR127","M","0000000000","46","37","67","52","85","66","41","31","50","45","99","81","99","84","60","44","67","33"
"200","1","0","202303","00000000","42","1","2000","1034","MAT0172","PL03","0","IR129","W","0000000000","81","60","69","52","65","53","42","35","76","62","73","56","70","52","53","46","66","34"
"200","1","0","202311","00000000","25","1","2000","1033","MAT0168","PL02","0","IR101","M","0000000000","79","68","70","54","81","69","74","64","66","56","62","48","55","42","93","70","72","28"
"200","2","0","202305","00000000","1","1","3000","1037","MAT0142","PL01","0","IR108","W","0000000000","51","36","54","43","47","32","49","39","42","35","50","41","47","36","77","60","52","48"
"200","2","0","202306","00000000","45","1","1000","1025","MAT0139","PL02","0","IR102","D","0000000000","59","51","74","61","82","69","88","72","67","52","71","52","65","53","59","45","71","29"
